sample_id,batch,sex,age,gene_0001,gene_0002,gene_0003,gene_0004,gene_0005,gene_0006,gene_0007,gene_0008,gene_0009,gene_0010,gene_0011,gene_0012,gene_0013,gene_0014,gene_0015,gene_0016,gene_0017,gene_0018,gene_0019,gene_0020,gene_0021,gene_0022,gene_0023,gene_0024,gene_0025,gene_0026,gene_0027,gene_0028,gene_0029,gene_0030,gene_0031,gene_0032,gene_0033,gene_0034,gene_0035,gene_0036,gene_0037,gene_0038,gene_0039,gene_0040,gene_0041,gene_0042,gene_0043,gene_0044,gene_0045,gene_0046,gene_0047,gene_0048,gene_0049,gene_0050,gene_0051,gene_0052,gene_0053,gene_0054,gene_0055,gene_0056,gene_0057,gene_0058,gene_0059,gene_0060,gene_0061,gene_0062,gene_0063,gene_0064,gene_0065,gene_0066,gene_0067,gene_0068,gene_0069,gene_0070,gene_0071,gene_0072,gene_0073,gene_0074,gene_0075,gene_0076,gene_0077,gene_0078,gene_0079,gene_0080,gene_0081,gene_0082,gene_0083,gene_0084,gene_0085,gene_0086,gene_0087,gene_0088,gene_0089,gene_0090,gene_0091,gene_0092,gene_0093,gene_0094,gene_0095,gene_0096,gene_0097,gene_0098,gene_0099,gene_0100,gene_0101,gene_0102,gene_0103,gene_0104,gene_0105,gene_0106,gene_0107,gene_0108,gene_0109,gene_0110,gene_0111,gene_0112,gene_0113,gene_0114,gene_0115,gene_0116,gene_0117,gene_0118,gene_0119,gene_0120,gene_0121,gene_0122,gene_0123,gene_0124,gene_0125,gene_0126,gene_0127,gene_0128,gene_0129,gene_0130,gene_0131,gene_0132,gene_0133,gene_0134,gene_0135,gene_0136,gene_0137,gene_0138,gene_0139,gene_0140,gene_0141,gene_0142,gene_0143,gene_0144,gene_0145,gene_0146,gene_0147,gene_0148,gene_0149,gene_0150,gene_0151,gene_0152,gene_0153,gene_0154,gene_0155,gene_0156,gene_0157,gene_0158,gene_0159,gene_0160,gene_0161,gene_0162,gene_0163,gene_0164,gene_0165,gene_0166,gene_0167,gene_0168,gene_0169,gene_0170,gene_0171,gene_0172,gene_0173,gene_0174,gene_0175,gene_0176,gene_0177,gene_0178,gene_0179,gene_0180,gene_0181,gene_0182,gene_0183,gene_0184,gene_0185,gene_0186,gene_0187,gene_0188,gene_0189,gene_0190,gene_0191,gene_0192,gene_0193,gene_0194,gene_0195,gene_0196,gene_0197,gene_0198,gene_0199,gene_0200,gene_0201,gene_0202,gene_0203,gene_0204,gene_0205,gene_0206,gene_0207,gene_0208,gene_0209,gene_0210,gene_0211,gene_0212,gene_0213,gene_0214,gene_0215,gene_0216,gene_0217,gene_0218,gene_0219,gene_0220,gene_0221,gene_0222,gene_0223,gene_0224,gene_0225,gene_0226,gene_0227,gene_0228,gene_0229,gene_0230,gene_0231,gene_0232,gene_0233,gene_0234,gene_0235,gene_0236,gene_0237,gene_0238,gene_0239,gene_0240,gene_0241,gene_0242,gene_0243,gene_0244,gene_0245,gene_0246,gene_0247,gene_0248,gene_0249,gene_0250,gene_0251,gene_0252,gene_0253,gene_0254,gene_0255,gene_0256,gene_0257,gene_0258,gene_0259,gene_0260,gene_0261,gene_0262,gene_0263,gene_0264,gene_0265,gene_0266,gene_0267,gene_0268,gene_0269,gene_0270,gene_0271,gene_0272,gene_0273,gene_0274,gene_0275,gene_0276,gene_0277,gene_0278,gene_0279,gene_0280,gene_0281,gene_0282,gene_0283,gene_0284,gene_0285,gene_0286,gene_0287,gene_0288,gene_0289,gene_0290,gene_0291,gene_0292,gene_0293,gene_0294,gene_0295,gene_0296,gene_0297,gene_0298,gene_0299,gene_0300,gene_0301,gene_0302,gene_0303,gene_0304,gene_0305,gene_0306,gene_0307,gene_0308,gene_0309,gene_0310,gene_0311,gene_0312,gene_0313,gene_0314,gene_0315,gene_0316,gene_0317,gene_0318,gene_0319,gene_0320,gene_0321,gene_0322,gene_0323,gene_0324,gene_0325,gene_0326,gene_0327,gene_0328,gene_0329,gene_0330,gene_0331,gene_0332,gene_0333,gene_0334,gene_0335,gene_0336,gene_0337,gene_0338,gene_0339,gene_0340,gene_0341,gene_0342,gene_0343,gene_0344,gene_0345,gene_0346,gene_0347,gene_0348,gene_0349,gene_0350,gene_0351,gene_0352,gene_0353,gene_0354,gene_0355,gene_0356,gene_0357,gene_0358,gene_0359,gene_0360,gene_0361,gene_0362,gene_0363,gene_0364,gene_0365,gene_0366,gene_0367,gene_0368,gene_0369,gene_0370,gene_0371,gene_0372,gene_0373,gene_0374,gene_0375,gene_0376,gene_0377,gene_0378,gene_0379,gene_0380,gene_0381,gene_0382,gene_0383,gene_0384,gene_0385,gene_0386,gene_0387,gene_0388,gene_0389,gene_0390,gene_0391,gene_0392,gene_0393,gene_0394,gene_0395,gene_0396,gene_0397,gene_0398,gene_0399,gene_0400,gene_0401,gene_0402,gene_0403,gene_0404,gene_0405,gene_0406,gene_0407,gene_0408,gene_0409,gene_0410,gene_0411,gene_0412,gene_0413,gene_0414,gene_0415,gene_0416,gene_0417,gene_0418,gene_0419,gene_0420,gene_0421,gene_0422,gene_0423,gene_0424,gene_0425,gene_0426,gene_0427,gene_0428,gene_0429,gene_0430,gene_0431,gene_0432,gene_0433,gene_0434,gene_0435,gene_0436,gene_0437,gene_0438,gene_0439,gene_0440,gene_0441,gene_0442,gene_0443,gene_0444,gene_0445,gene_0446,gene_0447,gene_0448,gene_0449,gene_0450,gene_0451,gene_0452,gene_0453,gene_0454,gene_0455,gene_0456,gene_0457,gene_0458,gene_0459,gene_0460,gene_0461,gene_0462,gene_0463,gene_0464,gene_0465,gene_0466,gene_0467,gene_0468,gene_0469,gene_0470,gene_0471,gene_0472,gene_0473,gene_0474,gene_0475,gene_0476,gene_0477,gene_0478,gene_0479,gene_0480,gene_0481,gene_0482,gene_0483,gene_0484,gene_0485,gene_0486,gene_0487,gene_0488,gene_0489,gene_0490,gene_0491,gene_0492,gene_0493,gene_0494,gene_0495,condition
GS001,B1,M,62,2,216,2,109,13,2,0,5,4,2,2,1,54,37,3,21,3,15,187,1,118,48,59,1141,28,1,1,5,3,0,0,2,0,349,667,3,9,5,5,2,22,390,3,2,2,2,24,34,4,10,1106,32,2888,38,2,3,1,0,24,1,19,5,1,39,1,113,0,34,1,5,13,0,0,36,0,3,42,2,1,6,0,177,127,1,383,36,1,134,1,15,3,48,120,42,117,0,6,4,13,164,0,7,0,4,21,8,3336,218,1,16,0,94,8,1,93,0,351,912,19,1,14,8,307,20,4,0,22,20,1,32,18,10,99,69,0,2,10,47,2,19,2,4,25,78,0,2,5,39,1,12,91,15,3,1,0,1,14,1,16,1,5,1,2,4,3,35,157,19,1,2172,66,1,63,0,29,49,11,0,0,20,47,4,65,6,0,294,1,11,541,3,126,19,22,4,1,1,110,1,298,12,77,8,0,1,0,4,10,80,27,0,0,4,27,0,70,3,0,1,3,0,0,2,4,40,1,5,10,21,2,131,21,6,0,95,8,0,15,881,1,36,10,0,123,0,5,212,24,2,0,21,1,7,211,81,336,0,5,12,0,27,122,0,9,0,11,3,31,92,24,29,2,0,55,94,18,12,103,114,11,2,204,3,4,1,5,0,431,480,3,0,0,0,14,0,2,43,8,84,112,29,1,28,1,81,14,2,2,113,55,3,44,0,64,3,5,168,1,2,1,0,0,633,3,3,10,1,15,19,41,2,64,1,273,8,0,1,0,1044,0,7,20,0,2,74,109,23,21,10,21,55,1,287,10,8,0,39,30,20,0,9,27,0,36,1,73,0,23,2,55,0,5,23,0,33,282,118,4,3,12,161,3,1,3,0,5,1,70,0,9,0,1,3,15,73,0,1,6,1,124,12,3,1,4,319,21,4,2,47,2,5,2,15,131,3,17,2,5,7,5,2,5,130,1,142,47,31,6,4,95,115,9,53,58,73,1,8,41,58,80,2,39,30,10,14,3,15,0,0,7,1,282,25,43,0,2,5,80,152,300,0,1,49,1,0,2,19,4,886,93,26,1,14,32,0,71,1,76,44,4,3,5,11,6,88,2,8,253,4,6,24,79,2,0,32,1,control
GS002,B1,F,63,12,94,0,63,51,4,0,7,7,1,13,7,15,46,1,5,3,15,46,1,26,87,14,769,13,0,1,13,1,0,1,1,0,161,624,1,10,16,2,3,20,554,0,2,6,4,33,17,0,21,567,42,4502,25,6,1,0,2,18,2,16,3,10,17,1,240,1,45,0,2,4,1,1,113,6,2,143,3,1,6,2,245,213,1,427,14,1,224,8,17,5,65,764,28,34,1,5,6,8,143,0,8,0,5,8,8,771,546,0,39,0,166,73,1,22,2,253,235,48,3,2,10,1668,65,2,8,18,91,2,102,37,6,287,65,1,0,6,185,21,27,1,4,40,166,1,6,2,147,1,13,18,6,4,1,0,1,22,1,3,2,14,0,0,5,7,26,160,14,1,3961,193,1,31,0,4,94,7,0,0,23,108,8,77,21,0,310,5,10,1432,6,347,20,20,2,2,1,50,2,212,16,152,12,1,0,0,3,9,58,15,2,0,0,0,3,78,23,0,6,4,0,9,3,5,37,0,18,22,21,3,117,30,1,0,141,29,0,15,1478,5,56,42,4,88,1,10,82,17,0,0,37,0,22,318,53,419,0,1,2,1,38,150,1,52,2,14,8,5,42,30,11,2,3,161,40,92,67,194,439,16,2,372,1,2,13,6,0,168,747,3,3,1,0,5,0,9,11,2,107,255,27,0,60,0,57,6,16,0,22,9,6,36,1,53,15,2,287,1,0,2,0,2,210,3,4,9,0,79,21,15,1,88,5,161,39,1,4,1,719,5,6,13,1,2,38,44,41,25,17,30,50,3,182,21,26,0,1,238,25,0,13,69,1,66,1,335,3,13,1,61,0,6,3,0,20,802,337,0,1,11,206,1,7,0,2,3,13,111,0,61,0,1,1,10,15,3,8,18,0,131,33,0,0,7,202,16,9,14,25,2,8,0,1,166,11,11,12,8,6,3,2,7,43,2,227,74,10,2,16,127,74,1,3,128,22,0,3,34,31,158,0,32,31,33,12,2,108,1,0,7,2,489,52,28,3,3,6,136,61,179,2,17,80,1,5,2,41,3,1179,31,22,0,40,36,1,104,1,177,16,13,2,3,24,7,79,0,6,70,57,18,30,224,1,15,21,4,control
GS003,B1,M,66,4,155,2,84,18,2,1,3,1,5,2,3,8,4,2,3,1,8,70,0,17,73,22,1052,30,0,0,7,0,0,2,0,1,127,194,8,7,21,4,1,8,118,0,1,0,0,28,14,0,4,772,11,524,4,1,1,0,0,11,6,15,0,17,34,4,115,2,26,0,1,5,0,0,41,3,6,20,9,0,2,2,213,486,0,257,32,5,56,2,4,3,64,30,24,8,1,6,1,14,141,0,3,1,3,5,4,2195,185,0,8,0,134,43,0,28,1,94,346,18,1,2,17,418,5,4,2,14,26,0,18,27,3,83,46,0,5,5,31,2,8,6,0,13,30,0,4,3,64,2,2,27,2,4,1,0,0,24,1,2,1,2,0,2,9,8,15,235,7,2,3995,159,1,15,0,26,37,11,0,1,21,17,5,57,31,0,44,0,21,459,0,127,19,15,0,0,2,10,2,151,19,25,4,0,0,0,0,10,16,26,1,0,1,43,1,80,8,0,1,3,0,9,1,3,19,0,4,24,2,3,43,28,2,0,67,11,0,10,79,1,19,10,2,19,5,1,1014,12,0,1,18,1,5,76,21,15,1,1,1,1,29,115,1,37,4,10,1,10,21,16,3,0,1,77,17,16,18,109,65,4,2,5,1,3,6,4,1,132,252,0,5,1,0,6,1,8,9,28,110,13,27,1,10,0,64,5,3,1,33,3,10,40,0,98,2,1,72,1,3,1,1,1,83,2,5,3,0,11,15,65,1,89,0,36,5,0,0,1,131,1,17,14,0,3,22,30,15,5,15,14,204,0,214,7,13,0,11,27,0,0,13,53,1,24,0,21,5,8,2,11,0,7,6,0,1,234,78,0,1,24,169,3,2,1,0,3,2,42,3,93,0,0,2,10,20,0,0,12,0,124,59,0,0,19,139,10,4,0,13,0,12,0,12,19,1,9,8,1,3,10,0,21,74,2,28,64,16,6,12,85,169,10,24,20,26,6,9,27,15,56,2,37,10,21,9,1,139,2,0,2,0,802,21,46,1,2,8,13,32,70,0,14,21,1,1,1,6,0,864,33,16,0,1,19,1,74,2,155,33,5,2,1,25,2,46,1,13,98,20,6,32,49,0,5,16,0,control
GS004,B1,M,68,8,218,0,24,5,1,0,0,2,1,1,6,0,16,1,8,1,9,137,3,22,53,1,357,6,0,0,7,1,0,0,1,1,58,219,6,5,6,0,1,10,84,0,3,0,2,25,12,0,5,1239,7,1387,6,3,3,0,0,8,0,5,6,3,18,3,69,0,39,1,1,9,0,1,51,0,2,126,3,0,17,2,407,86,0,415,9,0,89,0,5,15,51,117,33,16,0,6,0,7,41,1,3,0,4,1,3,849,215,0,26,0,79,17,1,70,0,346,324,17,1,5,15,162,24,0,3,23,22,0,20,31,4,73,41,1,0,3,54,5,14,2,2,12,101,0,13,1,47,2,3,41,3,1,1,0,0,5,0,7,2,5,2,2,15,13,22,45,5,0,1832,70,1,33,0,10,81,5,0,0,13,58,12,28,28,0,99,0,4,628,3,800,4,8,1,0,0,20,2,281,6,63,16,2,0,1,0,2,23,15,0,0,0,7,0,26,9,0,0,4,0,3,0,0,38,0,3,7,6,1,72,14,1,0,73,12,0,0,160,2,23,6,0,22,1,1,215,25,0,0,13,0,3,15,43,70,0,0,4,0,40,110,0,18,1,2,4,7,12,16,8,0,2,149,13,24,14,118,192,6,0,49,2,3,3,4,0,135,188,0,4,1,1,19,0,25,11,11,35,56,45,2,13,0,60,6,11,1,60,21,2,21,1,89,5,0,20,0,1,0,0,1,126,5,1,2,0,41,3,20,0,14,1,238,48,0,2,0,198,2,5,3,1,3,13,12,9,5,8,21,77,0,227,2,15,0,57,35,14,0,6,46,5,39,0,38,2,13,2,65,1,2,5,0,4,348,41,3,0,7,288,0,2,2,1,2,0,102,0,5,0,1,6,9,50,1,2,6,0,31,23,0,2,10,105,24,0,5,22,3,5,1,8,75,4,9,4,1,2,0,0,5,21,0,31,114,9,6,11,92,108,1,42,51,34,0,7,23,47,44,0,21,16,8,19,2,24,1,0,1,0,382,1,77,2,0,1,21,101,405,1,2,16,1,1,1,25,2,1419,11,8,0,8,15,0,52,1,54,15,4,11,6,8,6,43,0,23,162,9,10,38,99,0,6,4,1,control
GS005,B1,M,56,1,260,0,61,15,0,0,1,2,1,5,1,31,17,2,23,1,3,165,2,32,24,33,979,17,0,0,4,1,2,1,2,0,134,474,1,7,20,0,2,0,254,0,4,1,0,14,10,1,2,665,12,1012,12,1,5,1,0,38,1,10,0,2,31,0,75,3,37,1,2,20,0,1,20,0,3,49,5,0,25,1,358,207,0,292,19,3,91,3,9,3,39,369,9,24,0,9,12,10,39,0,1,0,7,4,1,1623,107,0,6,0,77,14,0,88,1,214,484,14,0,6,19,526,20,1,1,9,23,0,33,49,5,114,31,0,2,6,37,8,6,1,2,38,43,2,6,0,36,4,3,79,0,5,0,0,1,9,0,10,0,0,0,1,2,16,12,187,3,0,2672,143,0,57,0,14,26,3,0,2,15,74,6,54,9,0,36,1,7,231,1,760,5,7,0,0,3,29,0,537,6,70,8,0,0,1,0,11,5,24,0,0,5,14,0,48,2,0,14,4,1,2,0,11,23,1,0,8,11,5,85,26,4,0,134,10,2,2,256,7,33,3,3,15,2,2,199,8,0,0,5,0,5,139,82,216,1,1,2,2,124,179,0,12,1,8,4,7,59,71,20,0,2,175,6,118,10,86,347,14,3,105,1,6,3,9,1,67,594,1,0,0,0,12,2,4,21,19,83,39,33,0,6,2,38,15,9,0,12,30,18,24,0,20,1,0,55,0,0,1,0,0,363,3,11,3,0,17,4,18,1,27,0,120,11,0,0,3,371,2,10,16,2,2,23,26,3,15,4,7,83,1,113,15,6,1,34,33,9,1,3,11,4,54,0,68,10,18,0,97,0,2,20,0,49,952,121,3,0,9,94,1,5,4,0,7,11,96,1,114,0,2,3,64,76,0,3,3,1,89,38,2,0,0,36,59,2,0,26,1,4,0,4,90,3,9,12,5,2,7,1,14,28,2,45,38,30,2,3,72,85,5,18,19,50,1,4,15,88,25,3,25,5,17,12,1,36,0,0,2,1,78,13,42,2,0,2,113,177,159,0,8,7,5,2,1,37,4,473,36,27,1,6,17,0,18,7,42,15,1,1,0,12,3,93,2,11,72,12,14,62,104,2,1,1,2,control
GS006,B1,M,35,6,71,4,149,66,1,0,3,4,2,14,0,5,34,3,11,4,13,123,0,83,49,18,264,27,0,1,3,0,4,1,5,3,213,512,8,16,13,5,2,19,134,0,9,1,1,9,29,2,10,1241,9,12050,35,2,0,2,0,43,0,46,6,7,4,0,293,2,197,1,3,4,0,1,78,2,2,114,3,5,24,3,212,240,1,713,107,8,340,3,0,2,79,133,34,32,0,13,0,4,153,1,2,0,5,6,6,849,547,0,9,2,15,35,1,82,0,260,770,13,2,19,0,278,22,1,6,27,32,0,61,21,4,166,44,0,4,4,79,30,35,5,0,25,120,1,16,10,125,3,8,117,2,6,0,0,1,20,1,10,0,2,0,11,9,3,36,392,10,2,2840,133,0,22,0,18,24,3,0,1,33,55,14,55,44,0,134,5,22,345,2,242,7,25,0,0,1,40,5,422,6,173,22,1,1,0,3,10,138,65,0,1,6,6,8,73,25,0,2,4,0,3,0,14,135,1,2,43,24,4,89,85,5,0,48,8,0,2,484,3,74,43,7,57,1,8,196,19,0,0,25,0,17,118,77,133,1,1,4,2,158,361,4,56,3,20,5,15,56,29,11,1,5,194,103,168,16,79,293,9,3,38,1,6,9,3,4,279,283,2,0,0,0,20,1,3,16,3,39,50,46,4,21,0,39,40,10,7,162,21,6,29,0,89,5,1,30,1,3,2,1,0,154,9,5,7,0,8,27,41,0,90,1,188,3,0,2,5,261,9,9,7,1,8,48,106,10,15,6,19,92,2,61,2,14,1,37,35,9,0,14,24,11,12,3,134,14,40,3,22,0,3,5,0,52,1175,196,8,3,20,544,2,3,3,3,6,3,138,2,19,0,4,24,20,248,2,7,16,0,139,39,13,0,16,148,15,4,3,34,1,15,1,9,101,16,14,9,1,4,9,3,13,131,1,124,39,11,7,5,320,75,5,28,31,41,5,3,11,85,90,2,27,27,25,22,2,73,0,0,0,1,974,25,48,4,1,7,62,45,359,1,39,18,7,3,2,65,6,422,74,21,0,20,8,2,132,3,282,44,6,9,3,15,5,22,0,62,169,39,79,34,109,2,11,8,2,control
GS007,B1,M,36,4,241,1,68,34,3,0,2,1,7,9,0,22,8,1,3,1,7,159,1,19,14,47,867,24,0,0,17,0,3,0,3,0,305,527,2,2,14,2,0,6,225,1,2,1,3,51,10,0,5,144,3,983,49,3,4,1,0,5,3,4,4,2,44,2,174,3,60,1,1,9,1,0,98,1,9,61,19,0,33,5,425,173,0,675,67,2,126,1,0,1,99,49,6,47,1,7,6,22,74,1,7,2,22,10,11,2206,388,0,12,0,92,6,0,98,0,263,258,13,0,14,26,195,14,1,3,3,71,0,39,43,6,260,14,0,7,3,120,2,16,6,5,13,67,0,2,8,28,3,1,57,1,15,0,0,0,21,0,5,0,5,1,2,9,22,16,360,7,4,3258,138,2,80,1,14,26,9,0,0,89,113,1,48,30,0,111,3,30,761,2,461,16,24,0,3,4,115,2,181,14,71,9,2,1,0,2,15,26,7,0,0,1,8,6,51,12,0,7,16,1,4,0,10,33,2,5,16,36,1,76,14,2,0,145,5,2,16,360,5,14,9,0,23,1,2,305,14,0,1,30,1,15,115,20,347,0,1,2,0,103,245,0,106,1,6,6,19,94,40,22,3,5,169,46,107,38,225,569,4,2,226,2,5,33,0,0,225,416,1,3,0,0,9,2,14,4,9,96,42,40,1,18,0,23,16,4,3,44,14,7,58,0,268,11,1,76,2,2,3,1,0,85,8,11,2,0,23,5,53,3,24,1,99,28,1,0,2,324,4,1,23,0,0,14,19,17,69,3,39,77,1,134,7,13,0,80,28,11,0,17,17,2,24,2,37,4,17,5,125,0,21,14,0,25,596,224,5,2,14,249,2,2,1,1,6,6,99,2,167,0,2,2,14,161,2,3,16,0,111,65,1,1,19,92,8,16,9,30,1,44,0,4,75,5,16,4,1,4,11,3,2,113,1,37,30,57,3,6,114,95,3,62,85,13,7,1,58,24,163,1,42,44,22,11,3,88,2,0,4,0,502,3,62,1,1,9,16,56,693,0,3,95,1,2,2,23,2,620,39,68,0,10,16,2,117,2,70,29,12,4,1,18,1,20,0,37,285,38,4,30,162,0,8,29,1,control
GS008,B1,F,55,1,227,0,129,3,2,0,1,1,1,5,2,9,22,0,12,1,5,33,1,27,67,12,325,38,0,0,7,0,4,1,1,0,111,220,5,1,7,3,2,13,102,0,4,0,0,29,15,0,8,411,20,1315,12,1,1,1,3,6,0,3,0,3,13,1,52,1,22,0,0,4,0,0,73,0,2,21,7,0,9,4,156,322,0,1159,8,1,9,0,13,10,22,196,38,48,0,4,1,16,32,0,4,0,2,13,1,1593,341,0,12,1,38,12,0,23,0,207,93,14,1,6,1,208,18,0,2,11,21,1,34,12,10,32,25,0,2,2,45,4,2,3,6,14,93,0,11,10,24,1,2,35,3,1,0,0,0,15,0,7,1,3,0,1,6,6,15,91,0,0,889,33,0,7,0,5,36,5,0,0,97,16,3,59,24,0,194,3,7,328,3,173,9,10,1,0,1,81,1,476,1,26,2,3,1,0,1,13,24,22,0,2,0,11,0,27,10,0,6,0,0,1,0,4,13,0,1,12,9,1,44,4,10,0,74,6,0,2,1126,1,46,27,1,15,0,3,700,7,0,0,14,0,6,33,73,95,1,5,9,0,51,99,3,8,2,12,1,7,18,16,17,0,0,99,35,74,14,36,176,15,1,50,0,0,7,1,0,88,268,1,1,0,0,4,2,9,5,1,53,19,24,3,11,0,35,11,1,10,32,30,6,18,0,68,7,2,51,2,1,2,0,0,232,0,5,3,0,18,9,30,0,28,1,79,15,0,1,0,242,3,6,14,1,2,18,34,12,6,7,6,71,0,80,8,8,1,44,36,4,2,4,24,3,33,0,57,5,22,2,33,0,1,8,0,24,242,110,2,0,12,206,1,3,2,2,3,4,59,4,41,0,1,0,56,55,0,0,10,1,109,63,1,0,12,31,17,3,5,28,0,1,0,2,49,5,7,13,2,5,6,1,1,12,2,73,95,5,5,1,26,66,3,21,55,34,11,0,17,39,49,1,17,30,5,7,0,38,0,0,3,1,173,4,7,0,0,3,74,79,192,0,12,87,2,2,2,35,3,873,62,29,0,11,6,1,30,1,43,30,6,3,2,13,5,7,0,34,116,23,31,15,86,2,5,12,0,control
GS009,B1,M,67,1,159,0,91,3,1,1,6,0,0,0,3,13,4,1,2,2,10,91,0,8,20,16,188,13,0,0,4,0,2,0,0,2,162,668,5,12,7,2,1,8,91,1,10,0,1,18,8,4,10,1325,25,1086,35,5,5,2,1,17,0,19,4,1,14,1,148,4,7,0,2,9,0,0,76,0,4,15,5,0,24,1,493,161,1,408,16,3,10,1,2,11,90,231,9,21,0,11,6,5,160,0,13,1,8,5,3,1540,190,0,17,0,190,5,1,53,2,387,438,12,0,6,14,230,22,0,2,9,9,0,6,19,1,53,34,0,1,2,31,2,10,0,0,11,59,0,15,0,82,1,0,24,1,11,0,0,2,5,0,13,0,3,0,3,19,1,20,71,9,1,2976,66,2,19,0,27,53,3,2,0,52,57,4,53,49,1,241,1,9,404,2,153,4,12,2,2,1,27,2,378,11,29,1,0,0,0,2,6,47,3,0,1,4,3,6,41,0,0,2,4,0,1,1,9,24,0,0,9,14,2,27,10,1,0,37,4,0,9,279,2,32,14,0,36,3,4,121,10,0,0,7,1,9,109,48,244,2,1,6,2,20,70,0,33,2,7,1,4,81,29,15,0,0,84,12,96,15,73,122,2,0,113,2,1,19,2,0,59,153,0,6,1,0,7,1,6,11,10,23,107,18,0,22,0,5,26,2,6,30,12,7,15,0,51,2,1,148,1,4,0,1,0,70,0,3,2,0,14,18,17,0,56,0,93,29,1,1,5,128,1,0,0,1,1,22,27,21,7,9,24,82,0,89,2,5,0,20,47,8,0,4,46,1,43,0,38,7,11,1,71,0,5,7,0,14,462,30,0,0,36,139,0,7,2,0,4,15,30,1,34,0,0,6,19,19,0,0,4,0,44,45,0,0,5,131,22,6,3,10,1,8,3,9,69,3,16,9,3,2,6,0,3,31,1,74,87,0,4,9,66,28,3,50,16,67,3,1,44,19,89,1,28,17,8,4,3,48,1,0,3,1,234,5,47,2,0,0,66,120,286,0,4,45,3,2,3,48,9,972,43,11,0,4,14,0,16,0,180,61,1,2,5,14,6,6,2,9,79,51,12,24,84,0,4,18,0,control
GS010,B1,F,47,4,62,0,27,17,6,1,5,6,1,4,5,24,17,4,13,0,15,145,1,71,55,26,2407,43,0,0,9,1,4,1,3,2,129,574,0,11,17,6,3,9,201,1,5,2,1,82,26,4,8,998,6,3847,25,2,0,1,2,21,1,40,2,17,29,4,312,1,86,2,3,14,0,0,31,1,0,39,4,2,19,2,389,212,0,419,21,2,101,4,9,10,21,216,15,21,1,16,2,12,115,0,1,0,8,27,8,3503,266,0,32,0,138,24,1,15,0,79,411,25,0,5,23,267,40,1,7,19,15,1,81,26,2,153,66,0,3,3,40,8,9,10,0,17,160,1,16,0,48,1,6,10,11,14,0,0,0,31,0,10,3,2,1,3,8,24,32,120,11,1,1621,278,6,10,0,61,47,3,0,1,28,93,4,44,19,0,257,2,33,924,11,259,10,15,2,1,4,143,0,336,6,58,3,0,1,0,0,7,119,16,0,0,3,6,1,33,7,0,4,5,0,1,1,7,4,0,8,14,19,3,262,65,9,0,150,3,0,12,234,1,121,7,2,105,0,4,381,25,0,1,17,0,6,132,77,348,1,3,2,1,22,255,1,22,9,6,5,21,84,19,33,1,3,162,107,46,45,18,215,12,6,196,0,5,13,1,2,78,205,0,3,1,0,16,2,14,30,4,173,40,12,1,10,2,37,14,20,4,4,20,6,59,0,38,15,2,137,0,1,1,0,0,85,4,7,3,0,12,11,39,1,50,0,75,52,1,1,1,452,2,0,5,1,2,40,46,11,17,29,28,316,0,79,12,14,0,37,55,5,0,7,84,3,22,0,67,1,32,1,90,1,2,2,0,32,399,273,3,5,10,320,1,8,0,2,0,7,174,1,20,0,1,18,11,109,0,1,13,0,34,104,7,1,14,154,52,12,2,15,3,39,0,11,34,4,9,12,6,1,7,2,12,65,2,145,82,44,0,2,53,91,14,32,84,37,5,15,95,46,79,0,27,25,16,32,3,57,1,0,2,4,58,24,26,2,0,1,32,106,244,0,8,74,1,2,0,39,2,902,50,35,0,7,4,0,81,0,87,33,4,9,3,12,6,39,3,61,209,36,39,34,40,3,3,6,0,control
GS011,B1,M,46,7,201,1,70,41,7,0,0,1,1,4,4,19,16,8,7,2,13,42,0,20,91,15,135,23,0,0,9,3,1,2,1,0,92,1002,6,5,7,9,1,18,116,0,4,3,0,59,2,0,3,876,28,2853,53,0,3,2,0,0,5,25,5,4,8,6,487,1,29,1,0,27,0,0,5,0,4,37,15,0,2,11,438,85,0,361,10,3,98,1,6,7,57,270,25,54,1,4,0,17,38,1,3,0,15,16,4,6354,119,0,21,4,142,17,3,82,0,119,444,17,2,6,27,922,16,7,4,24,38,1,64,13,18,197,41,0,2,2,110,6,35,3,0,26,39,1,8,1,85,4,6,20,3,2,0,0,0,2,0,24,2,5,0,2,14,12,27,91,8,1,2203,105,4,9,0,8,41,5,0,0,85,59,7,65,33,0,43,0,23,443,6,573,10,28,1,0,0,106,2,731,20,9,5,2,0,0,0,18,108,19,0,0,2,3,1,76,14,0,2,15,0,12,1,6,49,1,5,9,9,6,28,20,2,0,104,7,0,9,655,8,78,16,4,13,0,5,205,15,0,0,11,2,12,104,76,147,0,3,14,0,30,66,2,25,9,7,8,3,3,14,4,0,2,91,58,34,53,24,197,11,5,138,0,6,9,6,0,110,217,0,0,1,0,10,3,12,13,7,43,14,3,1,38,4,36,22,0,9,80,14,11,11,0,219,1,2,126,3,4,3,0,0,132,5,2,4,0,37,7,12,4,52,1,96,12,1,5,0,525,4,3,25,1,0,122,92,6,6,24,1,83,1,98,7,11,1,71,155,12,0,9,21,15,118,0,99,5,30,5,22,1,1,5,0,46,659,174,1,5,16,136,2,6,1,1,4,5,90,0,55,0,0,1,12,152,1,2,4,1,123,55,0,0,25,134,19,10,1,75,0,7,0,7,85,4,24,6,5,2,7,0,25,85,26,89,33,14,16,16,76,119,7,14,108,90,6,1,14,120,103,1,34,21,10,16,4,15,0,0,5,0,152,0,72,1,5,2,33,52,482,1,8,56,3,5,2,44,5,1347,44,32,0,2,42,0,74,3,132,30,2,6,13,48,8,41,1,28,87,37,25,9,223,0,11,15,0,case
GS012,B1,F,31,7,529,0,166,10,2,0,6,1,1,3,1,9,17,5,13,0,13,120,0,51,34,25,422,53,0,0,6,1,5,2,3,1,36,866,11,16,8,1,1,13,258,0,13,6,4,38,2,7,6,441,21,9233,35,2,6,1,0,36,1,24,8,9,3,2,865,2,56,1,6,20,0,0,106,1,6,24,7,2,25,7,336,204,0,377,36,0,54,2,2,12,253,320,63,72,0,6,16,22,96,0,5,2,4,19,6,13650,159,0,11,1,91,8,1,49,0,474,473,19,0,22,5,486,22,2,4,13,22,1,111,39,23,136,129,1,1,10,53,5,12,5,2,14,41,1,7,6,126,1,6,32,7,8,0,1,2,29,0,11,2,9,0,5,10,13,68,140,8,4,2737,170,2,60,0,8,113,2,1,2,78,142,12,63,34,0,152,6,15,307,17,125,14,36,2,0,3,139,0,60,18,30,8,0,1,0,1,15,104,20,2,1,10,16,4,44,7,0,2,1,3,8,1,4,61,1,1,10,21,2,67,38,5,0,75,5,3,5,282,9,44,22,5,43,1,2,487,26,0,1,59,0,21,46,42,360,0,0,14,1,111,105,1,30,3,13,2,11,40,15,9,3,7,159,61,43,16,107,226,32,11,174,3,2,7,4,1,142,14,1,3,0,0,4,1,11,19,7,170,145,69,2,9,0,48,44,1,9,92,18,2,68,0,69,30,0,176,1,1,1,0,0,341,7,6,6,0,4,12,38,1,35,0,59,27,0,1,0,514,1,1,7,0,8,78,227,24,0,3,45,163,1,63,5,27,0,83,84,3,1,14,41,4,95,0,165,1,16,0,54,0,10,19,1,12,531,76,5,2,33,462,0,7,2,3,1,3,138,5,45,0,0,10,61,652,0,11,4,0,198,71,2,0,11,158,67,2,6,51,3,16,0,1,120,14,16,8,0,4,6,2,14,51,8,34,30,15,0,19,57,99,1,61,123,29,3,12,36,110,37,0,73,50,8,26,1,30,0,0,6,1,825,25,105,4,3,0,52,218,390,1,66,97,6,8,1,12,13,4060,86,19,0,10,133,1,100,5,110,19,12,17,1,10,7,53,0,45,182,35,19,34,69,0,1,24,2,case
GS013,B1,M,47,1,64,1,67,19,0,0,1,0,1,11,4,14,5,2,2,7,16,111,0,27,21,30,230,41,0,2,11,1,0,2,1,1,47,466,1,1,10,5,1,11,176,2,1,3,0,22,3,1,9,715,11,4934,67,2,5,1,0,1,1,9,2,4,32,1,868,0,24,0,0,9,0,0,76,3,4,68,19,0,7,9,42,66,0,529,26,1,76,4,1,14,38,161,26,78,1,9,0,8,151,0,2,2,5,1,3,8206,410,0,18,1,60,8,2,118,0,616,96,5,2,6,17,472,34,7,2,16,17,0,37,16,5,91,31,0,1,3,121,18,8,1,5,36,16,0,5,5,14,3,0,13,0,17,0,0,0,5,2,4,0,3,0,4,2,14,32,66,1,3,304,60,1,46,0,4,72,4,0,0,11,89,1,40,23,0,94,0,15,827,42,192,9,11,0,2,4,48,0,479,13,88,0,2,3,0,0,1,97,21,1,0,0,2,1,32,3,0,1,6,0,5,1,3,33,0,2,12,7,5,70,14,5,0,19,10,2,0,110,5,74,8,2,9,2,3,352,13,0,0,10,1,4,76,2,229,0,0,4,3,61,70,2,22,3,11,1,9,30,8,11,3,3,168,53,103,23,46,64,5,0,55,1,1,2,2,1,184,132,1,0,0,0,3,2,0,6,6,173,46,24,1,31,1,47,23,6,1,93,11,12,74,1,62,13,3,59,1,3,0,0,1,275,7,5,2,0,5,6,67,2,23,1,39,11,0,3,0,208,4,4,4,0,0,100,275,25,7,9,17,49,1,69,9,9,0,23,140,16,1,4,37,8,34,0,68,2,23,2,107,1,8,5,1,5,322,63,1,0,46,162,0,4,2,0,4,2,151,2,77,0,2,2,9,228,2,1,3,0,28,18,3,0,21,41,46,1,1,17,0,11,1,6,66,11,27,11,0,6,7,1,11,74,2,84,47,11,4,3,155,109,1,50,92,70,2,4,12,21,24,4,16,9,2,12,3,13,0,0,0,2,324,22,98,2,2,8,48,173,300,0,7,97,1,0,0,23,3,839,73,35,0,10,72,0,19,2,128,38,3,4,7,6,0,52,1,29,205,21,30,23,244,0,10,7,0,case
GS014,B1,F,47,2,397,3,102,7,3,1,2,3,3,7,4,22,16,2,10,2,23,84,0,28,29,21,856,47,0,0,1,0,0,1,5,1,58,627,10,8,5,3,8,5,118,1,4,1,1,15,18,0,5,2081,37,5980,8,6,6,0,0,23,0,23,8,12,23,3,119,2,46,0,1,22,0,0,47,2,0,23,7,0,20,5,240,90,0,136,34,3,111,5,3,9,127,225,23,28,0,3,0,0,51,1,2,0,4,18,6,6174,116,0,6,1,89,7,0,154,0,105,223,9,2,20,5,321,14,4,3,4,5,0,63,31,13,167,43,1,3,8,26,4,31,4,2,8,39,2,15,2,28,3,6,9,2,8,0,0,0,11,0,18,0,4,0,4,3,29,35,140,19,1,426,54,3,41,0,42,52,6,0,0,76,58,2,71,42,0,135,3,13,162,7,253,21,15,2,3,3,21,1,124,4,43,20,2,2,1,1,19,68,18,2,0,0,13,0,68,9,0,16,4,0,4,0,6,23,0,5,9,8,0,4,9,3,0,58,1,1,4,56,1,17,2,1,16,1,10,311,1,0,0,18,0,4,89,48,263,2,9,9,0,23,143,2,5,3,27,12,18,60,34,13,2,0,84,91,35,16,61,372,8,2,28,0,2,5,1,1,137,529,1,1,0,0,12,4,7,19,9,190,45,36,1,27,0,15,20,5,6,34,15,14,30,0,41,18,0,24,0,1,0,0,0,361,4,2,1,0,19,10,50,2,19,0,40,6,1,1,1,347,1,12,5,1,7,116,27,12,10,6,11,145,0,37,3,9,0,28,97,5,2,14,80,2,76,0,156,0,19,1,10,0,1,7,1,2,649,199,1,0,8,216,1,0,3,2,5,3,66,1,24,1,1,7,43,221,0,3,5,0,154,56,1,0,10,56,31,2,1,17,4,19,0,10,44,5,39,9,6,3,0,0,1,60,2,70,32,14,7,4,116,48,6,80,52,31,5,11,10,34,41,1,47,28,13,15,0,20,0,0,3,0,62,20,118,3,1,7,32,80,55,0,10,32,2,1,1,23,0,524,22,22,0,10,11,0,60,2,123,17,11,9,2,20,5,5,3,31,221,4,11,16,218,0,2,1,1,case
GS015,B1,F,75,5,133,1,109,22,5,0,0,0,1,0,1,18,9,1,5,0,5,51,0,19,10,18,862,4,0,0,1,2,0,1,1,0,16,185,3,3,20,2,1,4,140,1,3,2,5,16,10,0,0,948,18,2342,19,5,1,1,1,20,0,34,4,8,9,0,233,0,18,2,1,13,0,0,56,0,1,57,5,2,3,8,192,35,0,833,20,0,61,1,4,3,19,193,54,25,0,5,2,3,46,0,1,0,3,6,6,1187,202,0,15,0,33,11,1,38,0,170,168,10,0,1,3,332,7,1,0,3,7,0,56,21,12,24,15,0,2,7,42,11,6,0,2,24,127,0,10,10,21,4,1,11,0,2,0,0,0,6,0,4,0,6,3,0,7,10,27,37,2,0,1547,53,1,10,0,13,43,1,0,0,28,10,3,46,9,1,178,0,8,321,14,306,2,2,0,1,1,16,1,126,13,40,10,0,0,0,1,7,25,2,1,2,0,2,0,12,4,0,1,1,0,2,0,9,3,0,15,3,8,3,44,5,1,0,102,5,1,2,39,1,27,4,1,30,1,4,133,0,0,1,25,0,2,104,55,102,0,1,1,1,30,66,0,7,2,8,5,5,29,16,8,1,1,160,24,72,25,53,166,11,0,168,0,1,1,5,0,24,85,0,2,0,0,6,4,8,11,6,109,51,16,0,3,2,38,3,1,6,29,11,2,32,0,31,5,3,29,1,0,1,0,0,159,3,1,1,0,9,5,30,3,9,0,69,13,0,1,0,183,2,9,2,0,0,37,57,10,1,5,30,85,0,18,7,12,1,13,38,2,0,3,16,5,11,1,33,0,5,0,111,0,1,7,0,6,307,34,0,3,25,74,1,2,0,0,0,0,112,0,77,0,2,4,5,44,0,2,12,0,85,29,2,0,19,89,29,7,3,4,0,6,0,3,60,2,14,10,2,0,3,2,0,25,6,45,9,33,4,1,70,35,0,38,30,12,2,2,10,34,47,0,50,17,24,4,1,36,0,0,1,1,92,10,83,1,0,1,32,36,177,0,2,45,1,1,1,9,6,1097,22,29,0,7,18,2,26,9,73,39,0,1,3,31,5,60,4,2,156,8,6,10,44,0,5,4,2,case
GS016,B1,M,53,14,437,2,192,7,5,1,5,2,3,16,2,6,36,1,14,2,14,75,0,41,39,19,937,64,0,1,9,0,5,1,7,1,210,364,2,28,6,0,2,46,230,1,8,1,0,54,9,3,2,901,6,1340,42,0,7,0,1,13,7,18,9,4,42,2,1826,1,38,1,1,8,0,0,179,3,4,68,5,2,19,1,363,86,1,527,24,4,67,7,2,18,129,159,30,30,0,7,2,2,89,1,4,0,7,5,2,1433,427,0,17,3,234,15,1,39,0,444,232,38,1,14,8,217,41,5,3,46,31,0,66,17,4,100,50,1,0,1,60,9,18,6,4,26,133,1,7,6,71,7,7,16,8,4,0,0,0,10,0,8,1,9,0,1,16,16,64,216,6,2,1926,15,8,94,0,19,140,3,1,1,35,128,7,14,32,0,263,3,9,851,10,590,22,6,2,3,2,21,3,644,17,15,5,2,2,1,2,23,81,57,0,2,0,7,5,119,25,0,5,5,0,1,1,3,19,0,6,8,16,2,24,34,3,0,77,12,0,8,736,4,17,16,2,69,1,8,399,20,1,1,44,0,5,253,219,222,0,1,5,0,120,233,1,25,3,4,13,13,72,45,34,5,3,288,150,34,40,49,419,18,3,74,2,10,3,2,0,354,129,1,4,0,0,6,6,2,21,8,110,41,49,0,21,0,34,31,10,10,43,13,5,18,3,99,3,0,107,0,2,0,1,0,274,6,8,3,0,17,33,42,0,75,0,284,11,0,5,1,197,1,8,7,2,4,311,40,9,27,9,10,96,0,132,11,11,0,19,100,25,0,10,72,17,37,0,111,9,20,1,184,0,5,15,6,8,633,115,5,1,46,551,1,1,2,2,12,3,150,2,36,0,3,13,53,277,1,1,13,0,105,23,1,1,10,103,17,3,1,51,0,14,0,6,127,4,28,16,7,8,13,3,7,69,8,92,151,12,2,4,138,31,7,50,155,50,12,4,8,61,40,3,56,11,23,26,3,45,2,0,3,1,448,16,131,1,0,3,57,67,928,0,6,142,1,5,0,46,4,448,126,38,0,22,78,0,21,4,186,54,13,1,2,33,9,28,0,33,218,34,30,72,64,0,10,18,2,case
GS017,B1,M,57,0,91,0,133,16,1,0,2,1,1,4,8,5,10,5,10,3,3,172,0,33,15,2,389,22,0,0,6,1,2,0,2,1,122,300,1,2,3,2,1,2,173,1,7,1,3,31,15,1,4,342,17,1474,17,1,3,0,0,8,1,12,6,1,5,4,411,1,29,0,1,9,0,0,26,0,1,44,16,2,22,0,122,44,0,316,46,0,72,0,2,2,45,108,19,7,0,6,3,7,39,0,3,0,2,0,2,1668,209,0,13,3,32,47,1,49,0,169,100,41,1,8,10,492,20,0,0,9,23,0,27,11,10,29,17,0,0,1,53,11,5,1,4,6,76,0,8,2,43,8,7,9,3,8,0,0,0,16,0,6,1,1,0,1,5,33,0,114,2,0,3974,24,0,14,0,14,61,0,0,0,8,24,9,54,23,0,41,0,12,565,6,117,11,1,0,1,5,29,0,327,7,22,4,3,0,0,0,5,26,22,0,0,0,8,1,24,3,0,2,6,0,1,1,7,30,0,3,5,4,0,11,7,12,0,131,3,1,5,329,3,30,2,2,32,0,3,69,5,1,0,37,0,10,14,73,104,0,0,16,0,33,39,0,16,1,13,7,14,25,30,29,1,2,71,56,13,32,100,117,12,0,112,0,3,9,0,0,75,211,0,1,0,0,5,1,2,6,4,102,31,5,1,21,0,38,6,0,3,28,14,5,16,0,31,2,0,18,0,1,1,0,0,48,2,1,4,0,4,0,4,1,40,0,64,47,2,1,0,210,3,13,13,0,2,25,157,17,1,4,20,100,0,173,8,6,0,23,25,7,0,8,11,15,77,0,45,2,27,2,64,2,6,8,0,2,994,92,2,4,24,426,0,4,1,2,9,9,26,0,15,0,1,4,15,151,0,0,1,0,86,147,0,0,15,43,19,8,3,43,0,3,0,6,34,3,9,6,3,1,5,2,3,60,3,112,41,2,0,2,141,71,7,46,51,32,7,1,38,32,40,0,28,22,1,16,1,57,0,0,0,0,214,16,46,2,0,4,26,16,191,1,8,25,0,1,1,29,8,241,25,17,0,3,63,2,27,1,60,19,4,0,1,19,1,18,0,9,21,19,18,45,54,0,8,16,0,case
GS018,B1,F,72,5,153,0,129,9,4,0,4,0,3,2,0,40,10,4,6,4,22,240,1,32,5,25,471,59,0,1,5,1,3,1,0,0,208,971,4,4,16,3,1,15,329,1,5,2,3,18,23,0,4,561,23,4173,87,2,1,2,0,27,6,13,1,13,17,1,203,2,74,0,3,13,0,0,110,2,0,59,8,0,25,3,24,243,1,716,64,2,104,0,6,6,97,73,29,32,0,10,2,11,38,1,2,3,3,10,3,3341,79,1,33,6,163,61,1,77,1,766,186,32,0,1,12,715,36,2,3,9,30,1,22,13,12,65,75,0,4,11,64,8,13,2,4,15,104,0,11,8,47,0,2,52,2,2,0,0,0,4,1,4,2,5,3,2,6,32,51,133,7,0,4104,65,4,79,0,16,76,3,3,1,34,223,21,107,6,0,246,5,17,935,36,854,24,10,0,1,3,36,2,461,4,40,6,0,0,0,0,15,331,19,1,0,4,4,3,22,15,0,1,5,0,1,1,11,2,1,16,26,29,9,53,24,3,0,82,9,0,1,549,2,42,11,0,36,4,3,147,13,1,1,6,1,7,58,51,83,0,0,24,1,25,100,0,39,3,20,8,40,70,9,7,2,3,71,74,105,32,299,737,25,1,289,2,8,4,7,0,67,617,2,6,3,0,2,2,8,32,0,261,77,13,0,32,0,58,17,2,10,128,9,16,38,1,97,19,1,170,0,3,0,0,0,260,13,12,4,0,10,21,68,1,38,0,153,95,0,0,1,815,7,4,28,0,3,117,139,6,7,14,16,180,0,209,5,7,2,5,181,6,0,4,23,5,31,0,53,3,34,2,34,1,6,34,1,14,590,293,4,9,96,102,1,3,0,4,2,6,65,0,12,0,2,4,34,258,1,0,5,1,148,41,0,1,40,140,18,8,6,39,4,38,0,14,109,2,12,18,3,2,4,5,6,60,6,133,47,21,4,3,264,243,4,44,76,40,4,1,18,26,43,3,64,51,33,9,4,62,0,0,3,3,472,4,16,2,1,1,62,97,375,0,18,49,7,2,1,34,23,388,51,49,0,4,159,0,45,3,136,152,4,13,2,78,5,127,0,18,152,46,17,16,119,0,7,19,1,case
GS019,B1,M,71,3,89,1,67,38,0,0,3,3,1,3,4,23,7,4,12,4,15,40,0,26,32,14,418,22,0,0,7,6,2,4,5,1,58,538,8,6,19,1,1,4,102,3,1,2,2,16,7,1,8,908,13,11058,3,1,1,4,0,3,5,9,1,12,30,1,1045,1,48,0,4,6,0,1,63,4,1,26,9,1,22,3,632,300,0,333,30,0,112,5,6,3,113,154,15,8,0,2,1,5,38,0,4,0,1,12,6,3126,474,0,18,4,48,7,0,62,0,457,596,26,0,12,21,591,33,4,3,6,36,0,31,42,1,139,49,0,1,8,52,7,13,4,12,19,160,1,4,6,17,0,8,35,0,4,1,0,1,17,1,4,1,8,1,0,1,5,22,219,4,1,2631,241,1,74,0,21,35,1,2,1,79,83,2,117,84,0,43,2,31,527,9,143,19,13,0,0,4,35,0,698,24,24,0,0,0,0,1,5,399,9,2,0,4,5,4,61,5,0,13,4,1,4,0,3,55,0,3,11,2,6,39,26,6,0,47,5,1,18,417,0,26,8,0,14,0,4,93,25,1,1,22,2,17,200,34,159,0,8,8,1,21,216,0,49,3,4,2,10,49,23,17,1,5,52,17,63,32,23,309,6,2,191,1,8,6,4,0,35,365,2,2,0,0,7,3,8,19,4,103,148,30,1,29,1,12,18,5,8,14,14,7,75,2,37,7,4,69,1,0,0,2,0,327,3,7,5,0,9,18,57,1,39,0,38,16,0,5,0,199,1,7,21,0,8,246,32,13,12,2,34,170,0,141,4,4,0,4,99,19,1,15,38,3,47,0,91,5,51,0,31,0,10,4,2,21,882,121,0,1,51,377,0,1,0,2,2,2,92,1,6,0,2,12,11,368,2,0,10,0,56,14,2,0,26,50,27,6,0,31,5,11,0,15,117,3,12,8,1,1,3,3,2,75,2,71,12,2,2,5,61,69,7,16,38,43,1,3,56,42,72,1,33,8,4,37,0,107,0,0,1,0,102,12,153,5,2,5,11,32,217,0,14,14,0,1,1,15,10,1575,28,20,1,27,109,0,24,5,95,66,7,19,0,6,3,12,3,9,172,20,5,51,175,0,5,8,1,case
GS020,B1,F,69,0,105,1,131,5,1,0,1,1,0,2,3,5,11,0,4,0,6,73,2,20,44,32,606,9,0,1,6,3,1,0,2,0,46,367,2,0,4,2,0,3,181,0,2,1,0,36,9,0,0,449,34,4338,8,2,3,2,0,16,0,14,2,1,26,1,931,0,20,0,0,11,0,0,25,0,1,23,3,1,3,4,469,241,0,171,17,3,56,1,3,1,40,189,31,42,0,3,1,4,30,0,16,0,4,7,3,2505,290,0,39,2,38,23,3,48,0,234,239,17,1,3,6,84,4,1,9,1,17,0,40,7,2,72,19,0,3,0,16,5,12,0,0,2,60,1,7,2,62,2,3,58,3,0,1,0,0,8,0,7,1,1,1,2,6,10,33,108,7,0,1594,39,3,4,0,7,53,4,0,0,22,18,2,20,24,0,36,2,22,255,9,251,13,11,0,1,2,19,1,180,11,70,7,0,0,0,2,8,165,18,0,1,1,9,2,31,1,0,6,0,0,3,0,10,15,0,2,4,9,0,43,13,0,0,46,2,1,0,46,0,15,12,3,21,1,2,235,10,0,0,6,0,5,83,72,114,1,2,8,0,10,96,3,5,1,13,2,16,7,28,9,2,6,23,81,65,28,96,140,8,1,165,3,5,8,2,0,140,67,2,1,0,0,6,0,7,5,5,70,57,20,2,5,0,21,13,1,4,30,7,0,9,0,21,12,1,32,0,0,1,0,0,120,4,1,2,0,10,18,12,2,30,0,100,10,0,2,0,82,0,2,7,0,3,38,60,8,6,6,13,52,0,106,4,6,0,9,47,14,1,7,3,8,74,1,50,6,6,0,14,0,14,4,0,21,760,35,1,0,9,122,2,2,0,0,0,3,27,2,25,0,1,1,11,120,0,1,1,0,121,35,1,0,6,11,8,3,2,6,0,7,1,2,62,7,6,6,4,1,3,3,1,13,4,24,50,1,4,4,29,83,0,37,58,30,5,3,8,15,30,2,44,9,6,7,2,50,1,0,3,1,199,14,67,1,0,4,16,58,95,0,11,20,2,0,0,27,6,425,34,24,0,5,46,0,34,1,38,31,6,2,4,10,2,76,0,13,162,7,9,11,21,0,1,5,0,case
GS021,B2,F,38,1,577,1,255,31,1,0,2,4,3,4,4,14,10,2,21,1,9,109,1,1,68,50,931,17,0,1,2,2,0,4,5,1,155,206,13,39,7,3,1,43,115,2,4,3,3,36,11,3,1,646,26,3818,83,4,2,1,0,14,1,13,22,34,47,8,196,2,36,0,1,29,0,1,34,2,8,64,24,1,42,1,567,99,1,56,61,2,55,0,1,6,190,117,36,31,1,4,7,3,104,4,19,0,4,7,19,1421,75,0,42,0,39,94,2,91,1,380,1086,3,8,11,19,577,31,3,6,20,10,3,30,14,36,20,26,0,4,1,16,6,22,0,1,21,742,0,4,3,160,11,6,68,2,15,0,0,1,3,0,3,1,3,4,2,71,16,47,49,17,2,1545,80,7,66,0,30,48,1,0,3,80,95,11,70,143,0,75,1,15,442,13,82,30,58,2,6,3,28,4,536,30,35,3,0,1,0,1,46,84,95,0,1,6,34,4,60,3,0,24,4,0,6,2,37,22,0,8,5,6,4,63,32,4,1,35,13,2,27,430,6,24,11,4,35,9,6,959,10,0,0,7,0,5,98,135,398,2,5,14,0,24,253,2,73,8,20,10,97,36,12,16,1,2,132,184,112,72,181,103,12,1,221,8,11,37,1,0,122,444,2,2,1,1,7,7,37,1,37,120,50,605,0,33,1,58,9,13,2,85,27,42,77,0,95,10,0,125,0,1,9,0,0,75,5,6,13,0,6,20,54,2,79,0,233,27,0,19,0,170,0,6,4,1,5,148,167,34,9,18,12,69,0,94,20,13,0,16,52,5,0,8,50,20,137,1,109,12,26,1,200,0,25,18,0,59,431,65,3,1,40,254,0,11,1,1,7,27,378,0,119,0,0,3,10,118,1,1,9,0,24,125,3,1,34,332,23,10,3,65,3,20,0,8,73,45,6,9,13,0,5,0,4,135,0,345,85,15,15,6,255,10,7,162,424,74,12,3,36,74,46,5,311,18,12,16,1,114,5,1,0,1,1439,3,164,12,2,15,88,65,557,0,8,13,4,1,0,104,12,2914,99,63,0,4,45,1,108,1,639,48,20,1,1,15,18,47,1,46,55,6,56,74,133,4,2,5,0,control
GS022,B2,F,79,3,882,0,222,11,2,0,5,3,2,0,2,9,31,2,7,4,12,252,2,6,23,35,1307,13,0,0,6,4,2,9,1,1,216,985,7,22,15,5,0,112,91,0,1,2,3,42,5,1,1,1357,20,3342,37,0,9,2,0,8,1,29,18,30,6,2,178,0,50,1,2,22,0,0,52,0,2,42,1,1,46,2,243,54,1,85,34,4,90,5,2,2,323,84,40,66,0,3,9,3,211,0,8,0,21,16,6,973,246,0,41,2,71,18,0,106,1,464,1171,34,3,1,4,400,15,5,0,22,7,3,21,11,21,90,21,1,0,5,45,7,11,0,2,18,259,0,10,5,238,29,6,56,8,12,0,0,1,3,0,2,1,10,0,2,37,25,55,153,18,1,2268,42,5,106,0,107,46,2,0,0,105,101,13,19,41,0,46,0,20,632,5,213,17,22,3,0,1,113,1,672,15,45,12,7,4,0,0,28,95,25,1,2,1,13,1,88,7,0,10,4,0,1,1,11,39,0,8,8,13,7,71,40,7,0,58,7,3,24,168,3,88,3,1,111,2,2,349,38,0,0,14,0,11,276,209,272,1,7,15,2,26,78,2,26,9,5,6,151,29,13,12,3,2,128,166,39,30,50,148,18,3,59,6,9,11,4,0,100,326,9,2,5,0,16,9,21,19,29,237,22,137,0,14,3,139,9,9,1,45,14,16,38,0,7,3,0,434,0,1,13,1,1,153,5,2,26,0,18,35,282,0,22,0,303,38,0,11,3,149,4,9,17,1,5,27,89,11,11,11,11,79,2,422,39,13,1,11,17,10,0,2,24,4,140,2,139,4,33,1,177,0,20,33,0,39,773,21,5,1,46,224,2,3,3,0,0,8,452,1,74,0,1,0,23,153,8,4,1,0,28,27,2,0,39,259,17,3,11,18,0,6,0,4,170,7,21,11,9,6,14,2,2,65,4,130,140,5,0,11,234,60,4,67,193,47,12,2,16,23,76,5,73,116,6,6,1,213,4,0,1,2,637,2,265,7,1,12,25,16,50,1,24,93,1,1,2,41,11,1258,26,120,0,26,47,0,164,1,163,1,18,5,8,16,21,29,4,16,143,87,92,22,14,1,8,13,0,control
GS023,B2,M,41,8,506,0,272,19,2,0,0,0,3,5,8,62,5,1,13,7,15,51,1,21,26,30,363,9,0,0,15,7,1,20,4,0,85,1444,11,1,4,1,2,43,115,0,5,4,0,66,17,0,1,302,8,3578,12,0,0,1,1,14,5,52,7,19,62,10,191,2,42,1,3,23,0,0,60,2,4,11,7,0,67,4,101,40,2,106,46,4,91,0,1,2,321,113,11,18,3,5,7,6,328,0,23,0,2,8,5,3174,530,0,66,0,19,95,0,389,0,356,1234,13,7,11,12,228,12,2,2,16,16,4,8,33,12,68,37,0,0,19,45,4,10,1,1,22,416,0,7,10,57,18,3,22,5,2,0,0,1,7,0,8,1,4,0,2,20,21,17,133,4,2,1421,93,11,102,0,31,73,1,0,1,79,148,8,62,82,1,92,3,37,2149,9,54,27,69,2,3,2,16,0,217,5,24,5,4,5,0,1,37,202,9,0,0,5,42,6,108,0,0,0,0,4,6,0,3,10,0,4,16,16,7,142,23,4,0,58,4,4,6,541,10,38,46,4,66,0,0,311,14,0,0,13,1,8,34,208,333,1,4,25,2,29,294,3,61,3,19,11,64,15,14,3,0,2,72,235,98,48,69,154,30,2,230,10,13,22,8,0,92,177,0,1,2,1,27,2,34,5,20,39,29,147,2,16,0,48,6,5,1,70,26,31,75,1,31,4,0,490,0,3,2,1,5,116,2,8,7,0,19,8,31,2,105,0,388,14,1,16,0,243,4,5,13,1,4,58,94,13,21,39,20,28,1,130,25,19,0,52,78,6,0,6,67,5,264,0,33,20,3,3,40,0,38,10,2,29,1016,16,3,0,17,840,0,1,4,0,5,16,182,1,60,0,0,0,13,106,1,1,16,1,69,28,6,1,41,175,9,4,0,22,5,21,0,12,131,7,20,3,6,5,7,0,14,136,1,20,30,13,5,12,79,82,13,92,338,25,29,6,29,39,49,0,57,79,4,18,2,210,3,0,4,0,639,8,110,4,2,2,42,5,49,1,23,17,1,5,0,70,16,2198,115,100,0,15,13,0,86,1,148,84,15,1,1,14,15,25,0,7,82,40,20,40,25,0,10,3,2,control
GS024,B2,F,32,5,805,0,138,2,5,0,0,3,2,1,2,76,7,2,5,1,5,71,0,5,25,36,462,0,0,1,4,4,0,3,3,1,147,693,6,12,1,2,2,108,212,0,2,6,0,35,10,1,5,1235,7,5588,31,2,2,1,0,4,0,6,14,25,10,6,114,1,54,0,2,25,0,1,64,2,1,50,4,4,13,3,30,71,0,114,25,5,44,2,5,3,486,135,25,19,0,3,13,6,113,0,17,7,4,10,2,1651,363,0,27,1,88,76,2,136,0,214,192,18,6,15,14,412,15,4,0,40,33,1,13,12,34,59,33,0,1,10,25,13,7,2,4,24,1110,0,1,2,240,4,1,97,4,39,1,0,0,10,2,10,0,9,2,0,21,14,66,66,4,0,881,21,4,56,0,36,96,1,0,1,55,134,4,97,33,0,153,2,15,633,3,329,19,27,0,0,7,17,1,481,32,19,4,2,1,0,0,30,34,8,1,1,0,26,3,49,7,0,6,2,2,4,2,4,50,1,9,19,4,6,112,6,3,0,65,12,1,3,145,0,37,5,2,4,2,10,986,20,0,2,0,0,1,99,82,205,5,2,13,0,88,185,2,13,5,62,4,37,33,14,8,7,2,25,148,56,11,36,125,45,0,119,0,2,24,10,0,96,197,2,2,0,0,13,2,24,4,6,81,83,284,0,20,1,21,12,16,1,125,13,16,116,0,32,5,0,325,2,3,1,0,0,301,3,4,4,0,28,40,125,1,56,1,198,10,0,6,0,126,1,0,25,4,4,30,92,23,4,15,21,101,0,69,1,10,0,5,62,18,0,7,41,4,91,1,165,1,27,0,138,1,9,24,0,15,1013,39,6,0,23,457,3,5,4,0,5,7,223,0,47,0,1,1,14,95,2,1,15,0,32,64,3,1,32,481,21,9,0,37,1,1,1,5,47,31,26,2,1,0,5,1,12,50,0,96,27,26,10,32,141,8,4,21,162,108,3,12,12,25,100,1,75,26,7,12,3,233,7,0,1,1,2726,4,121,3,0,13,29,160,47,0,27,34,0,2,2,77,5,1114,54,59,0,17,17,0,87,1,95,32,4,0,4,23,12,81,2,11,141,39,31,24,126,2,1,5,0,control
GS025,B2,F,37,1,513,0,156,28,1,0,0,0,2,2,8,19,7,1,4,3,4,50,2,2,11,21,1228,1,0,1,7,1,0,9,1,1,29,544,1,2,3,1,3,20,10,1,2,1,0,19,10,2,0,1169,25,1434,20,0,2,2,3,14,3,14,16,6,3,0,210,0,23,0,2,8,0,1,54,1,5,40,0,2,19,1,89,90,0,328,28,0,90,4,0,1,293,43,11,3,0,4,7,4,162,0,19,0,0,4,3,897,176,0,19,0,76,43,0,208,1,254,562,7,2,12,4,228,3,4,0,3,12,0,14,32,17,18,41,0,2,13,15,3,11,0,9,31,496,1,5,2,130,11,8,18,3,24,0,0,2,10,0,14,0,4,0,4,23,27,16,74,6,0,2117,28,2,36,0,25,28,0,0,1,23,102,7,48,40,0,73,1,11,830,1,292,31,24,0,1,1,37,0,443,9,6,4,2,3,0,0,8,170,11,0,2,1,31,1,58,4,0,5,1,1,3,2,3,23,1,1,6,3,9,26,12,1,0,28,4,4,5,197,2,59,7,2,17,0,6,420,6,0,0,17,0,3,109,24,184,0,2,1,1,32,69,1,25,5,15,0,35,37,7,1,0,3,105,74,83,4,66,51,4,2,52,2,0,53,1,0,100,137,0,0,0,1,2,1,9,7,0,59,33,99,3,10,1,4,4,9,0,19,3,9,8,0,48,2,0,178,0,1,0,0,0,14,2,2,3,0,10,4,55,1,203,0,169,34,2,10,1,96,0,5,18,3,1,68,16,3,3,17,14,45,1,93,8,5,0,34,59,5,0,6,53,4,268,4,137,3,45,2,36,0,25,2,0,10,724,9,4,0,11,115,0,7,3,0,1,2,432,2,19,0,1,0,10,118,0,1,0,0,52,15,2,0,32,182,56,3,0,49,4,6,1,6,26,37,19,9,2,1,2,1,4,53,1,127,61,4,2,4,141,12,4,10,167,27,3,3,21,5,50,0,86,117,7,5,4,320,0,0,3,2,1227,19,99,2,0,0,18,21,173,0,9,19,1,0,0,73,6,1872,51,10,0,9,26,1,43,1,35,17,21,1,0,8,10,7,2,14,116,35,9,44,140,0,1,2,1,control
GS026,B2,M,46,3,1601,2,265,47,6,1,3,2,4,6,10,66,10,9,2,2,12,193,2,6,20,107,2625,12,0,1,5,0,1,6,6,1,147,1208,5,25,19,4,0,113,176,1,0,5,3,95,8,0,7,1172,12,6875,94,1,4,1,0,11,1,28,18,27,36,5,550,2,23,5,4,12,1,0,33,1,2,72,5,1,38,4,70,208,0,273,86,4,78,4,7,5,349,126,27,43,0,3,13,5,263,1,18,2,9,13,35,2190,149,0,27,0,67,45,4,258,3,563,358,44,0,5,5,1069,7,5,1,78,6,1,26,10,63,131,85,1,3,16,44,9,18,0,1,18,575,2,7,14,128,21,16,39,6,21,0,0,1,9,1,7,1,33,1,2,42,29,21,75,7,4,1469,120,15,35,0,21,65,2,1,4,26,99,20,39,151,0,52,0,46,263,7,278,24,34,0,1,3,65,1,607,24,12,14,1,6,0,0,8,46,4,1,1,2,15,4,54,3,0,13,8,1,7,2,11,64,4,15,11,10,9,89,37,3,0,66,23,1,2,420,11,149,4,15,23,4,4,881,26,0,5,13,0,8,87,59,525,0,5,27,1,22,166,6,52,3,14,9,45,14,6,7,4,7,65,131,171,7,82,179,20,4,111,1,11,41,14,1,143,305,0,1,2,1,25,1,44,26,20,387,14,324,1,84,1,10,5,13,1,36,12,7,44,0,279,9,0,419,0,5,10,1,2,196,5,4,10,2,16,21,130,0,54,0,426,3,0,16,2,179,8,3,83,1,2,16,107,12,3,23,41,55,2,223,32,12,0,54,46,3,0,6,55,12,227,5,119,14,43,3,103,0,26,9,1,24,599,89,5,0,41,756,0,15,3,0,17,25,242,0,73,0,4,2,17,411,6,2,14,0,75,75,5,0,40,359,5,18,16,53,1,12,0,9,167,24,30,10,4,0,12,4,11,58,1,24,129,4,0,4,271,23,12,254,165,71,33,23,26,41,78,0,341,87,4,5,5,238,2,1,5,3,621,4,217,20,2,2,14,113,380,2,1,21,0,6,1,41,6,1115,51,58,1,6,32,0,93,6,314,67,31,7,6,8,9,68,6,14,307,175,131,166,149,2,3,12,0,control
GS027,B2,M,69,2,1089,0,339,19,1,1,0,2,2,0,3,67,10,6,10,3,9,206,3,8,88,23,1547,11,0,0,8,1,0,0,15,2,168,486,11,24,8,3,1,71,64,0,2,1,1,28,28,1,4,1139,15,3234,24,1,9,0,4,6,0,42,24,20,4,19,283,1,29,0,3,19,0,0,26,0,8,17,4,2,30,3,71,118,1,824,24,7,99,2,7,5,320,95,16,18,0,3,16,3,671,3,31,4,7,8,25,2124,740,0,21,4,73,84,0,255,0,309,656,8,8,3,7,448,20,2,3,21,13,0,34,31,34,40,42,0,1,3,45,8,3,1,3,21,837,0,13,5,132,16,8,122,4,29,0,0,0,4,1,6,0,4,0,0,30,14,76,101,7,0,2210,87,6,16,2,18,195,3,0,1,51,137,6,123,79,0,15,0,40,1156,5,321,12,12,0,1,7,75,3,725,22,19,6,8,6,0,0,79,285,27,2,1,4,19,7,108,1,1,2,9,0,6,0,0,60,1,5,28,0,14,27,7,8,0,35,13,3,7,573,6,44,9,1,81,8,1,568,12,2,1,7,1,1,140,101,201,2,5,8,1,25,248,5,54,2,11,3,64,56,36,13,0,2,168,500,38,68,87,94,23,0,178,1,15,35,9,1,308,167,2,2,1,1,16,4,18,23,8,162,90,212,1,37,4,66,4,8,2,38,6,29,27,0,85,9,0,244,2,3,6,0,4,128,9,4,5,0,17,36,112,0,37,1,609,41,1,6,4,291,1,6,6,1,11,11,95,18,15,23,11,32,0,34,15,3,0,35,145,8,1,9,34,1,62,0,105,16,54,0,58,0,14,14,0,31,630,121,4,1,46,467,2,11,12,1,7,4,635,0,90,1,1,3,12,177,1,12,25,1,5,83,3,0,30,232,32,2,0,16,1,1,0,6,46,30,33,12,3,1,3,1,10,88,1,200,101,10,11,9,170,34,5,109,164,105,22,4,21,46,44,3,97,110,2,12,3,398,0,0,3,0,584,3,103,2,4,7,35,158,236,2,12,52,1,4,3,25,15,645,40,60,0,19,37,0,107,2,96,65,14,3,6,22,5,123,5,53,80,17,53,87,53,1,5,5,1,control
GS028,B2,M,62,3,843,1,416,11,0,0,0,4,1,1,2,191,3,0,15,6,14,43,2,10,88,47,761,4,0,0,3,2,2,14,6,3,279,727,9,12,5,8,1,68,109,0,4,2,2,86,34,0,4,2716,15,3231,68,0,2,1,0,18,0,57,1,74,12,4,93,1,73,3,4,34,0,1,97,5,8,123,26,12,35,1,192,86,2,385,13,16,288,1,3,12,475,129,26,30,0,13,29,26,71,1,5,1,11,7,12,3546,249,0,29,0,92,47,1,455,0,297,467,29,15,14,35,271,21,2,2,8,9,4,12,25,19,43,9,1,4,12,38,1,14,4,3,40,374,2,38,9,114,17,2,38,16,27,0,0,0,16,1,6,2,12,2,5,11,1,45,214,5,6,1603,39,7,61,0,20,99,3,0,1,152,166,35,69,80,0,61,0,9,1305,0,294,36,56,1,5,6,30,2,506,26,77,4,3,3,0,2,34,307,26,0,1,1,33,0,137,10,0,9,9,5,3,2,19,42,0,12,12,2,1,75,59,3,0,23,4,5,2,420,1,40,5,2,64,6,10,201,28,0,1,9,0,6,141,201,351,0,2,11,3,54,326,4,135,7,29,16,40,134,13,47,2,3,60,363,26,7,143,197,48,1,212,2,5,19,7,0,170,248,2,6,2,1,9,10,22,9,17,101,65,160,0,61,0,69,36,11,3,62,8,3,140,0,228,6,7,536,0,5,7,1,1,355,3,8,25,0,26,5,240,1,160,0,249,48,4,17,0,180,7,6,11,5,7,69,193,8,17,16,6,23,2,613,12,9,0,30,84,11,0,2,27,5,115,2,14,14,10,4,92,1,38,13,0,70,573,54,1,1,48,634,3,7,1,2,2,10,1518,0,79,0,4,2,18,249,6,6,9,0,9,88,3,0,12,166,57,6,1,53,0,10,1,22,65,51,42,15,1,7,15,1,2,38,7,57,155,4,3,10,237,23,24,69,175,36,33,6,40,28,40,4,117,53,29,8,6,112,0,0,17,2,759,9,240,11,5,18,41,34,93,0,7,41,2,10,5,44,22,1344,27,19,0,7,53,1,65,0,256,148,14,1,5,5,12,73,5,35,59,24,68,35,65,3,20,6,2,control
GS029,B2,M,36,6,731,5,202,41,1,0,2,5,1,0,4,75,30,4,7,1,27,176,2,14,2,65,993,7,0,0,8,15,1,12,6,1,229,1604,4,4,6,0,4,49,234,1,4,8,0,30,16,1,1,2065,12,3409,56,0,4,2,3,16,1,7,0,38,32,4,307,2,132,1,4,15,1,0,21,1,3,50,23,0,31,12,120,41,1,645,124,6,58,2,3,5,447,115,27,17,0,13,9,12,69,0,5,1,24,5,25,1533,141,1,36,0,139,80,2,148,0,426,503,25,9,8,11,423,15,3,2,56,35,3,13,26,10,28,44,0,1,6,22,42,4,1,7,25,210,1,46,2,178,17,4,97,6,10,3,0,1,15,1,31,1,26,0,2,17,28,37,88,13,8,171,46,3,28,0,28,104,1,0,0,87,54,2,88,64,0,94,0,30,596,15,99,30,40,4,1,3,64,6,341,21,55,7,11,2,1,1,45,97,29,3,1,0,9,7,136,2,0,9,3,1,27,4,3,45,3,2,8,1,7,61,39,2,0,49,34,1,6,888,0,51,12,0,70,4,8,705,15,0,2,22,2,6,155,38,701,0,2,3,3,37,194,7,57,1,12,4,47,49,4,17,1,1,109,364,60,17,77,224,14,0,109,1,5,21,5,2,157,164,1,1,1,1,18,1,23,10,11,199,120,113,1,43,1,109,26,1,6,78,45,15,179,1,145,2,1,154,1,3,9,2,0,345,11,6,6,0,39,34,140,1,165,0,212,21,0,30,0,144,1,11,7,0,2,121,21,15,22,23,17,49,0,239,17,19,1,61,115,3,0,6,121,5,130,1,160,51,21,4,354,0,29,9,0,72,455,66,3,1,23,340,0,4,2,2,1,12,85,2,53,0,4,4,8,420,0,5,20,1,34,180,7,1,18,99,41,12,5,29,2,6,2,8,35,7,8,10,7,6,1,3,2,100,1,90,102,17,7,5,253,20,9,201,114,105,21,7,36,66,65,1,105,158,32,18,4,53,3,0,2,0,411,10,115,7,2,4,44,20,385,0,23,27,1,2,1,65,4,1932,15,27,0,12,68,1,102,5,470,39,8,0,3,16,2,134,6,14,61,13,47,179,79,0,21,7,0,control
GS030,B2,F,62,4,363,0,109,28,1,0,4,0,2,1,7,8,3,2,0,2,6,107,3,1,33,49,1197,7,0,1,9,1,0,3,6,1,139,536,6,12,4,2,0,205,71,1,3,1,3,46,22,1,2,3177,27,1080,24,0,5,2,0,7,0,26,8,44,27,13,155,1,21,0,0,6,1,0,67,2,4,37,10,2,28,3,58,155,2,335,29,7,37,3,4,6,106,234,8,13,0,11,3,0,371,1,24,1,5,1,24,2443,230,2,14,2,26,17,2,112,0,152,200,7,0,9,11,755,35,0,0,23,5,0,17,37,29,42,83,0,0,22,27,2,9,3,2,28,2317,0,15,11,118,12,2,62,5,0,0,0,2,8,0,11,3,12,1,1,63,16,48,31,6,3,1029,29,3,149,1,27,160,0,0,0,38,65,1,66,64,0,38,1,13,676,3,339,13,40,2,1,6,47,0,239,29,82,4,0,3,0,0,66,9,24,1,0,4,7,5,108,4,0,5,2,3,4,0,2,15,2,0,9,10,7,154,10,2,0,41,19,1,4,200,4,30,21,10,45,2,10,355,17,0,1,7,0,1,337,130,285,2,8,26,0,18,48,2,34,8,60,14,66,66,19,9,0,6,97,241,41,11,119,106,14,3,178,6,1,20,3,1,90,77,2,4,0,1,2,5,10,14,14,91,72,240,1,9,3,63,4,44,0,53,13,3,49,0,133,3,3,183,1,3,4,0,3,95,4,0,19,0,16,29,238,2,134,0,130,9,1,4,0,60,8,2,8,1,5,29,22,21,6,13,6,21,0,67,19,2,1,51,44,9,0,8,19,10,345,1,202,56,3,0,190,1,33,0,0,33,330,61,6,1,7,164,1,2,1,1,13,7,339,1,30,0,1,4,28,228,0,1,2,0,37,102,2,0,34,180,26,3,4,35,1,18,0,14,30,11,15,9,7,7,7,1,3,7,3,41,69,6,0,4,259,37,9,85,273,131,2,5,13,29,37,1,66,21,4,9,5,234,2,0,1,4,1147,4,161,4,0,16,27,35,115,0,28,12,1,3,3,97,17,1140,102,89,0,8,12,0,54,1,326,42,4,7,1,11,16,34,3,35,165,46,32,67,14,0,2,3,1,control
GS031,B2,F,58,7,182,1,192,3,1,0,2,2,1,1,2,29,6,5,3,3,7,63,2,5,33,16,748,0,0,1,2,0,0,3,0,3,146,568,5,11,3,11,1,47,111,2,7,1,0,29,2,0,1,2621,12,1547,45,1,9,2,0,3,3,20,4,32,11,2,833,0,6,2,2,4,0,0,19,1,1,49,8,0,5,0,104,28,0,207,23,0,85,1,9,1,251,41,7,5,0,5,17,9,230,0,23,5,5,4,10,3044,407,1,9,0,74,13,1,101,0,382,372,13,5,13,13,468,6,1,2,24,33,0,10,41,4,4,13,0,2,7,15,14,0,3,2,15,474,0,8,7,29,4,5,24,0,10,0,0,0,1,0,6,1,5,1,3,19,1,10,84,2,0,1703,35,3,78,0,10,67,3,0,0,61,43,1,85,20,0,18,2,0,201,3,263,21,4,0,2,0,38,2,330,8,9,4,2,0,0,0,11,345,12,0,1,1,12,2,18,3,0,6,0,1,6,1,7,10,0,9,26,1,5,27,8,2,0,34,2,1,3,427,4,34,3,4,70,0,4,341,23,0,0,0,0,7,170,128,28,0,0,17,1,29,180,5,19,1,13,8,13,12,5,1,3,2,69,24,77,16,15,75,6,2,126,2,2,22,1,0,44,53,2,1,2,0,17,4,18,1,9,24,59,266,2,5,1,20,9,19,0,15,6,20,38,0,48,3,0,262,0,2,6,0,0,167,1,1,14,0,5,7,180,1,193,0,312,18,1,7,1,157,2,0,13,0,1,223,176,16,3,9,31,2,0,55,13,6,0,42,20,4,1,2,16,14,42,2,19,11,5,0,122,0,11,3,0,64,856,55,2,1,33,158,0,2,2,1,22,11,163,1,108,0,1,0,9,800,0,2,13,0,31,45,2,1,33,34,17,11,4,21,4,1,0,13,58,23,12,9,6,1,6,1,1,15,0,51,39,5,3,2,41,19,2,42,135,34,2,2,26,9,61,0,113,48,6,16,6,120,2,0,0,0,392,7,199,7,1,12,41,25,176,2,12,12,0,1,1,10,4,461,64,18,0,3,56,1,54,1,149,20,9,2,6,20,15,20,3,15,128,71,16,41,43,4,6,4,0,case
GS032,B2,F,46,8,196,0,106,10,1,0,0,3,1,0,7,19,1,1,6,1,4,73,2,1,41,22,962,8,0,1,5,3,0,1,3,2,96,117,8,8,4,5,1,67,79,0,1,3,2,27,12,0,2,318,3,2938,28,4,2,2,1,1,0,25,7,32,15,1,158,0,25,0,1,7,0,0,41,1,4,59,17,1,13,4,135,50,1,111,60,1,70,1,2,2,228,91,6,18,0,4,3,8,102,0,6,0,9,1,18,9861,163,1,6,2,45,74,0,210,1,299,404,6,3,2,3,263,5,3,2,22,16,1,17,17,30,34,1,0,1,6,18,8,0,2,1,6,266,0,4,9,77,7,5,83,4,3,0,0,1,4,0,0,0,5,0,2,38,11,11,25,6,1,610,29,5,65,0,37,283,0,0,3,34,28,21,58,25,0,47,5,22,156,4,77,3,8,0,1,5,68,0,214,12,17,3,0,3,0,0,11,87,9,0,0,0,7,3,50,1,0,0,3,0,2,1,8,5,0,3,18,8,1,188,4,1,0,17,5,3,5,414,4,33,7,3,7,0,6,343,13,0,0,1,0,1,56,58,97,5,1,4,2,26,141,3,32,2,32,1,13,8,14,3,1,4,39,123,18,6,70,95,9,0,158,2,5,14,2,1,238,110,1,5,0,0,6,1,9,9,13,36,15,25,0,11,0,12,18,5,3,62,9,6,9,0,191,3,0,350,2,0,5,0,0,77,5,0,4,0,36,38,177,1,99,0,673,18,0,15,0,62,3,4,10,0,1,88,468,3,7,3,20,28,0,141,6,10,0,34,22,1,0,3,23,3,91,1,76,5,28,0,108,1,14,3,0,32,1586,43,1,2,38,190,1,5,1,2,2,7,532,2,57,0,1,1,12,667,0,3,1,0,11,60,0,2,60,78,47,3,1,5,2,8,1,1,8,4,28,12,0,4,9,2,6,52,4,106,45,11,3,7,126,12,1,22,238,39,10,4,23,18,144,0,166,105,25,4,0,39,1,0,6,0,933,5,252,1,2,2,74,65,90,0,16,30,0,5,1,50,1,727,37,41,0,13,108,2,79,1,58,3,0,0,0,2,3,16,1,41,254,31,51,42,62,1,3,3,1,case
GS033,B2,M,33,4,963,0,122,28,2,1,0,2,9,2,4,39,14,3,15,1,9,199,0,14,97,39,1327,19,0,0,3,2,1,15,10,4,95,896,6,20,15,3,1,17,214,3,4,1,2,82,19,4,3,1016,20,3120,49,7,3,4,2,15,5,24,40,58,28,2,985,0,49,1,3,20,2,0,82,1,4,97,27,7,10,6,128,38,1,912,50,1,151,2,10,1,693,57,25,4,1,9,15,12,78,1,19,0,4,11,2,3849,77,0,20,4,138,85,3,265,0,290,238,10,5,27,4,547,97,3,2,18,25,3,32,34,16,110,16,0,3,11,62,3,6,0,0,58,569,0,9,15,176,1,13,32,7,46,0,1,0,7,1,5,1,3,3,3,57,18,59,36,9,2,1654,9,5,105,0,41,95,0,2,2,84,69,6,79,130,0,41,3,17,347,4,214,27,43,2,0,10,64,1,889,33,25,3,3,0,0,1,24,200,9,1,1,0,16,2,110,3,0,14,13,1,6,4,13,33,1,1,15,4,21,128,43,5,0,25,2,0,3,667,6,81,11,3,69,0,8,217,17,0,3,14,1,8,93,74,162,0,0,14,0,19,122,3,109,1,12,14,70,47,10,24,5,7,79,222,57,59,237,134,24,3,233,4,4,67,9,0,238,311,0,1,1,1,19,0,14,7,19,130,121,178,0,10,8,71,10,14,0,117,2,11,159,0,69,4,1,356,2,1,10,0,0,227,2,5,3,0,8,33,193,0,89,1,371,46,1,18,0,118,1,3,11,2,10,53,195,31,13,8,33,42,0,169,35,5,0,38,70,16,0,4,73,32,200,0,201,29,53,6,259,1,16,18,2,20,1770,33,5,2,39,548,0,6,2,1,7,24,218,0,51,0,0,6,2,189,2,2,16,0,22,80,4,1,34,255,71,8,5,35,3,5,0,11,66,19,7,22,2,2,2,0,5,168,6,188,72,14,8,21,324,29,16,74,74,172,21,2,30,4,123,3,152,121,6,10,5,106,0,0,3,2,1813,9,78,7,2,12,41,36,180,1,10,48,6,0,1,28,25,864,65,91,0,3,77,0,88,4,165,55,8,3,3,34,7,68,12,6,108,28,33,22,101,1,4,7,0,case
GS034,B2,M,77,1,126,2,101,1,0,0,2,1,4,1,1,59,10,3,1,0,5,51,2,10,60,44,872,7,0,0,4,1,1,8,15,0,101,2043,7,23,8,9,1,24,107,0,1,9,0,26,21,4,4,1599,10,1758,69,3,6,0,0,14,2,2,10,43,10,2,835,2,51,1,1,10,0,0,52,4,3,26,24,0,4,5,186,114,0,122,56,2,134,1,3,10,463,142,16,37,0,3,5,6,175,1,22,3,5,1,12,14217,468,0,6,1,217,61,3,240,0,719,268,13,5,3,20,509,32,2,5,5,6,0,33,11,41,23,24,0,1,14,35,13,24,1,2,5,464,0,43,3,223,6,5,83,7,5,0,0,0,7,0,5,1,9,0,1,27,13,25,83,6,4,2361,45,2,40,0,48,126,2,1,0,44,56,22,117,62,0,32,3,23,584,7,238,16,27,1,3,0,19,1,177,31,15,13,1,0,0,1,31,72,15,0,0,5,11,14,108,1,0,5,5,5,4,1,18,16,1,13,3,13,6,149,19,3,0,49,13,8,7,210,7,57,5,1,17,1,4,303,3,0,1,4,0,3,453,82,288,2,3,33,2,39,261,0,9,4,33,1,87,34,9,3,2,6,79,111,52,36,80,324,11,4,157,3,8,7,10,0,65,319,5,2,0,0,6,4,15,12,10,263,62,40,1,42,0,89,10,7,4,64,15,35,98,2,103,6,1,210,0,2,7,0,0,104,7,6,5,1,8,19,222,0,76,0,221,10,0,2,0,179,1,4,38,4,8,70,470,30,23,16,15,34,0,112,8,17,0,6,54,9,0,10,59,11,84,4,156,8,39,1,191,0,17,1,0,59,1054,42,8,3,99,197,1,3,1,0,3,6,192,6,9,0,1,1,5,127,1,1,3,0,61,97,0,0,77,297,12,19,7,81,4,0,1,6,93,7,21,16,7,1,3,3,2,35,3,86,51,14,4,14,253,14,6,68,176,45,8,7,25,23,29,2,50,39,16,8,4,89,0,0,5,2,2627,15,178,1,0,4,16,66,94,0,22,18,2,3,3,39,11,906,122,22,0,10,208,0,228,6,107,47,43,2,2,3,9,36,2,12,184,17,25,63,53,0,2,9,0,case
GS035,B2,M,79,4,578,0,435,26,1,0,0,0,3,2,1,40,7,3,2,3,18,92,5,15,34,22,684,1,0,0,1,0,1,19,0,2,52,386,10,14,4,7,1,58,81,0,1,5,3,29,5,1,0,2349,11,3667,21,0,1,0,5,15,0,7,9,47,12,4,98,0,12,2,2,38,0,0,9,3,0,29,25,1,41,3,165,50,0,352,58,2,65,0,0,6,391,62,9,8,0,2,23,19,344,0,16,0,10,13,0,6640,385,4,16,3,83,53,1,158,0,271,317,20,7,22,22,228,38,2,2,25,5,0,19,69,14,14,72,0,1,13,22,7,1,2,2,15,297,0,17,8,177,7,1,7,4,18,0,0,0,6,0,5,1,8,0,1,25,3,15,95,2,2,732,48,1,110,0,41,64,0,0,1,27,23,21,83,79,0,92,1,17,70,5,38,19,51,1,4,1,46,3,564,13,31,6,1,1,0,0,15,253,6,1,0,3,27,2,42,8,0,1,7,0,3,2,9,19,0,4,11,6,8,153,22,4,0,9,4,3,13,352,2,6,8,2,66,4,4,465,1,0,0,15,0,1,59,42,209,0,6,10,2,28,139,3,19,1,39,9,72,6,20,8,0,1,34,222,104,42,64,110,10,0,186,0,9,11,4,0,110,41,0,5,1,0,20,1,28,9,22,138,128,363,0,52,1,20,17,6,4,70,8,13,57,0,161,5,0,416,1,0,6,0,2,55,5,1,3,0,28,28,251,0,142,0,56,21,1,17,0,144,0,4,12,2,3,247,101,2,3,9,6,102,1,262,2,25,1,11,32,8,0,3,85,14,121,0,150,14,16,0,116,0,2,5,0,15,538,22,2,1,20,263,1,9,0,1,4,11,157,0,19,0,3,1,11,878,2,3,2,0,31,40,3,0,12,253,35,13,3,63,2,6,3,5,31,22,20,7,0,2,8,1,4,16,4,63,120,5,1,6,77,46,7,5,183,54,3,5,12,18,63,3,219,31,5,2,3,55,1,0,3,0,1425,1,164,1,1,6,24,11,93,0,9,9,1,1,3,39,7,282,75,25,0,15,37,1,24,2,419,13,3,4,3,18,24,11,6,59,113,28,19,34,47,0,7,11,1,case
GS036,B2,F,63,3,450,1,305,22,2,0,3,1,2,3,11,52,6,0,9,3,12,21,3,3,102,50,1556,9,0,1,18,3,0,21,0,1,98,653,22,4,7,8,1,107,133,1,4,1,4,45,12,1,9,1426,18,3409,38,1,1,3,1,2,2,7,23,4,7,8,270,1,22,1,1,24,1,1,24,2,2,73,10,1,36,2,262,22,1,762,107,8,148,0,3,7,669,195,10,16,0,2,11,0,199,0,11,3,12,8,6,2558,1050,0,16,2,85,63,3,198,0,82,1563,6,2,3,8,203,6,2,1,26,3,2,13,23,6,41,26,0,1,4,25,11,5,1,5,23,24,1,20,6,134,8,2,134,1,20,1,0,0,3,0,16,0,8,1,3,60,9,22,58,9,1,1044,27,1,70,0,67,296,1,0,3,23,58,11,93,106,1,55,2,18,1738,10,307,37,63,1,3,4,42,5,782,22,39,5,1,0,0,0,56,50,11,0,3,1,15,5,85,8,0,0,4,0,8,1,23,8,3,4,11,2,4,125,10,7,0,22,21,0,6,135,3,27,16,4,27,4,8,448,15,0,1,6,0,2,65,239,431,0,3,5,1,20,227,7,83,6,25,1,64,23,7,22,3,0,149,122,33,35,156,179,17,1,170,0,12,33,3,0,30,242,3,0,2,0,6,2,11,8,25,37,19,64,0,15,0,44,12,9,1,52,5,10,16,0,23,3,0,93,1,1,1,1,3,159,3,5,16,0,53,27,190,3,91,0,371,62,0,16,0,152,5,5,13,0,5,376,114,6,1,22,3,37,2,205,21,23,1,67,60,11,0,1,57,17,167,8,66,3,11,0,57,1,7,5,0,21,1188,68,6,1,37,224,0,4,5,1,6,3,356,0,87,0,3,1,18,482,1,4,12,1,27,58,5,1,25,344,41,5,3,25,4,1,1,5,84,17,41,24,2,1,2,1,4,76,4,103,339,5,6,6,197,14,6,129,105,87,4,12,34,28,99,2,346,10,16,11,4,326,1,0,5,1,1526,6,45,4,1,7,8,92,374,0,1,30,0,1,0,59,5,489,40,44,0,12,162,0,160,1,284,29,19,1,1,18,22,101,6,24,71,25,50,49,195,2,2,12,0,case
GS037,B2,M,42,0,300,1,307,8,0,0,2,0,0,1,1,20,6,0,4,0,18,39,1,31,104,39,1307,1,0,0,4,3,1,1,6,0,151,662,6,1,4,6,0,35,22,0,0,2,1,21,13,2,1,1420,17,314,12,2,2,0,0,25,0,17,12,17,30,5,100,5,45,2,0,16,0,0,52,0,5,53,16,5,8,0,32,63,1,253,44,2,11,0,4,6,49,169,10,9,0,5,1,4,135,1,6,1,5,3,11,3938,385,0,3,3,108,27,2,58,0,483,231,3,1,9,9,141,15,0,1,25,18,1,9,64,12,27,67,0,1,3,23,2,5,2,3,15,299,0,23,3,19,11,4,23,3,3,0,0,0,1,0,0,3,4,1,4,21,12,28,74,7,0,1108,17,7,54,0,10,25,1,0,1,74,86,11,79,33,0,66,3,8,516,1,77,7,27,1,2,2,24,1,111,9,17,5,1,0,0,0,16,192,8,0,1,0,6,8,99,0,0,1,0,2,2,0,7,5,1,9,14,6,1,74,3,5,0,14,7,2,2,381,4,54,1,3,27,1,0,235,7,0,0,8,0,3,50,73,200,0,5,18,0,14,95,2,3,5,24,1,67,9,29,9,2,1,91,103,46,38,47,93,22,1,64,5,5,36,7,1,62,243,0,1,0,0,13,4,4,2,16,34,32,116,2,26,1,20,7,2,1,17,14,3,5,0,45,2,1,183,1,4,5,0,0,30,1,1,1,0,32,21,225,0,58,0,155,22,2,3,0,171,1,7,7,0,6,146,69,4,10,16,14,6,0,50,19,7,0,15,28,12,0,4,17,9,127,4,39,9,45,0,40,0,12,19,1,18,391,29,2,1,78,250,1,9,1,0,1,3,415,0,26,0,1,1,10,640,1,2,5,1,2,40,0,0,32,129,27,4,2,20,0,8,0,4,28,14,17,4,4,3,7,0,0,87,1,34,29,22,2,4,35,11,6,82,176,37,6,2,43,9,48,6,83,61,3,7,0,82,0,0,6,0,560,1,191,9,0,1,8,82,80,0,13,19,0,0,1,20,8,521,34,10,0,13,98,1,57,4,188,31,6,1,1,12,15,60,4,41,176,31,24,54,24,0,2,11,0,case
GS038,B2,F,65,0,2322,0,126,40,0,0,1,1,6,0,9,35,21,3,19,4,31,230,1,15,92,27,288,12,0,0,4,7,1,6,10,4,325,1915,12,23,4,4,1,64,106,1,9,5,5,133,21,4,3,2809,3,5269,50,4,1,0,2,21,1,20,6,22,9,4,497,1,14,0,4,26,1,2,28,1,8,93,5,1,32,9,237,43,1,627,123,0,137,4,9,1,416,141,65,12,1,1,45,5,533,0,27,5,2,24,7,12632,455,1,6,1,115,42,1,622,1,67,451,46,1,10,7,449,26,5,7,53,23,1,47,38,37,74,54,0,1,8,24,12,6,3,6,20,262,1,19,11,248,25,3,37,12,6,1,0,0,4,2,19,2,8,0,3,63,23,64,117,19,2,1223,12,7,149,0,73,138,1,0,2,42,67,34,114,106,0,44,1,39,1531,3,390,40,45,3,2,15,31,2,512,39,5,10,1,3,1,0,53,182,37,1,1,2,28,2,64,3,0,16,0,2,9,2,16,24,4,1,18,13,9,247,16,5,0,213,36,2,15,542,3,43,4,11,27,4,2,961,32,1,0,21,0,6,90,139,96,2,4,17,1,74,383,8,61,8,57,13,142,53,21,17,2,3,114,291,86,16,270,51,28,1,508,4,10,66,21,0,241,225,4,6,7,1,2,8,13,27,62,94,21,468,0,64,3,106,27,13,3,101,4,19,72,0,206,1,0,356,0,3,7,0,1,165,0,3,29,1,40,31,352,0,120,1,794,8,1,11,0,101,4,14,24,2,1,313,187,11,7,37,44,14,2,198,21,7,0,57,95,16,1,7,107,16,441,1,220,26,17,7,83,0,18,9,0,22,567,123,4,3,83,267,1,2,3,2,6,21,297,0,68,1,0,12,43,631,4,3,11,0,8,60,4,1,29,635,32,13,3,16,11,9,0,32,76,2,8,8,7,10,7,1,7,38,7,82,63,9,2,20,438,46,2,79,443,129,11,9,65,17,331,3,282,163,29,27,0,157,0,0,7,1,821,6,453,7,2,21,24,57,62,0,11,34,5,5,2,67,6,2296,52,25,0,10,25,0,177,10,356,70,5,6,1,6,3,22,7,25,298,19,17,134,25,0,6,9,1,case
GS039,B2,M,36,0,404,0,82,19,0,0,3,0,2,2,0,14,19,1,3,2,16,173,3,9,61,36,1556,2,0,0,7,2,2,18,3,2,479,376,7,6,12,7,4,45,66,1,0,2,1,58,11,1,5,1960,20,1604,10,2,2,1,0,26,2,18,2,40,69,13,579,2,51,1,3,17,1,0,8,3,1,38,3,2,8,0,29,69,0,666,47,1,80,0,5,7,207,40,10,32,0,3,3,6,51,0,21,0,3,3,24,8378,81,0,24,2,94,56,6,327,0,64,336,21,2,6,2,561,21,0,6,39,13,0,11,41,45,115,30,0,0,5,33,1,9,6,1,19,569,0,17,10,103,8,11,41,5,22,1,0,0,2,2,10,1,10,1,1,56,32,52,162,16,0,2236,39,3,111,0,32,115,0,0,3,91,16,15,35,63,0,43,4,9,528,24,363,22,50,1,0,5,44,1,608,6,11,3,3,1,0,1,22,493,13,3,1,10,20,2,39,2,1,4,3,1,3,0,15,44,0,10,20,3,15,22,14,3,0,22,12,3,2,500,5,33,8,2,19,1,3,134,14,0,3,10,1,10,275,114,99,0,6,15,2,20,139,2,49,5,18,9,52,21,7,8,2,0,54,470,18,6,57,47,4,0,147,8,8,15,6,1,185,351,1,2,2,0,14,4,19,6,17,199,133,270,1,52,0,81,19,2,3,38,4,30,50,1,166,6,1,230,0,2,11,1,2,119,8,1,11,1,14,16,158,1,97,1,143,3,1,7,1,150,5,7,16,0,8,128,197,9,9,17,25,62,1,98,19,7,0,90,62,8,1,0,35,13,234,2,135,2,16,3,63,0,27,4,0,70,614,29,1,3,85,466,2,3,0,0,13,14,173,0,163,0,0,4,17,878,3,1,5,0,21,30,2,0,42,172,29,6,2,64,1,6,0,7,43,15,22,16,8,0,1,0,3,20,0,188,84,20,6,21,194,11,5,53,226,19,6,8,9,21,43,1,220,38,15,7,2,216,0,0,3,2,1660,11,252,3,0,1,13,68,163,1,42,63,5,8,0,36,12,782,25,29,0,34,98,0,87,1,822,106,19,3,4,30,28,46,7,41,110,107,22,151,71,2,10,10,0,case
GS040,B2,F,76,9,586,1,472,33,1,0,1,1,7,0,11,30,22,1,7,6,11,260,2,13,62,75,1164,3,0,3,10,2,2,14,7,2,125,1244,11,16,7,6,1,175,125,2,7,11,2,90,17,1,0,3674,4,4854,43,3,4,2,2,8,4,22,25,69,29,5,670,5,38,1,5,18,1,1,41,2,4,153,9,4,15,5,252,89,0,373,67,5,135,2,5,3,386,164,15,17,0,8,24,2,313,0,18,2,8,14,9,12892,651,0,33,1,76,81,3,318,0,355,280,10,2,17,11,382,43,3,6,43,9,2,23,33,44,59,28,0,1,7,32,2,22,5,1,21,698,0,14,3,103,20,6,55,7,36,1,0,1,16,5,15,2,3,0,7,40,8,10,259,13,1,3025,121,12,136,0,93,87,2,0,2,61,40,29,72,134,0,47,0,33,658,9,246,21,90,0,5,3,42,3,164,7,148,16,3,0,0,5,11,384,35,0,0,5,21,0,109,8,0,14,5,0,5,1,1,20,4,20,19,4,6,70,21,2,0,105,25,6,9,126,5,27,15,7,23,7,2,975,10,0,0,4,1,3,393,27,107,4,8,49,2,30,439,2,21,1,34,16,50,48,50,16,2,6,61,244,87,16,63,94,15,4,175,13,20,85,17,1,147,96,1,4,1,3,23,1,22,11,30,102,174,157,0,52,1,38,15,6,1,82,19,18,78,2,197,7,1,467,2,3,6,0,0,113,3,1,14,0,43,29,168,1,61,0,727,79,2,6,4,198,2,7,7,0,2,281,94,17,23,10,20,19,0,143,4,9,0,23,70,5,1,5,32,17,98,4,63,14,26,2,212,0,24,17,1,43,655,140,1,3,39,272,0,6,2,1,9,8,743,2,116,0,3,2,17,677,2,4,14,0,27,36,1,2,94,142,67,16,10,24,1,25,1,16,66,41,27,14,3,8,3,2,2,50,4,101,104,5,10,26,265,82,1,82,102,55,11,10,65,21,133,3,46,174,8,19,8,656,2,0,7,0,1838,12,381,2,1,1,49,75,48,1,56,11,0,9,11,58,7,263,22,42,0,21,170,2,71,4,79,57,19,2,1,8,10,100,5,88,125,144,14,65,117,0,1,7,0,case
GS041,B3,F,47,9,90,1,51,43,3,0,0,1,6,9,1,58,25,3,4,4,8,54,4,48,50,88,903,15,0,0,11,1,0,2,2,2,275,749,6,3,5,3,3,146,33,3,2,2,3,179,3,0,7,705,9,1547,28,1,3,3,0,12,0,38,3,18,23,27,1324,0,68,4,2,34,0,0,60,0,4,115,31,1,50,2,322,90,0,28,19,2,81,26,5,6,114,110,39,64,0,9,7,16,58,0,4,0,21,25,3,10094,89,0,16,0,202,40,2,111,0,391,602,52,1,3,20,205,85,1,4,29,4,1,48,31,10,87,94,0,8,2,22,3,14,2,2,19,306,0,11,7,101,1,9,96,2,3,0,0,0,5,2,15,0,5,0,2,18,47,25,289,6,3,4233,21,1,47,1,5,99,4,0,3,104,109,15,55,84,0,124,0,23,400,5,563,37,38,1,6,2,27,4,141,14,15,4,4,2,0,0,14,104,4,1,1,1,9,1,87,18,1,4,6,0,1,1,12,29,1,9,25,23,3,71,13,8,0,25,7,0,5,177,17,34,5,8,83,3,3,162,12,0,0,10,1,1,145,23,111,2,0,36,1,33,115,2,28,3,13,3,17,66,29,12,4,6,40,31,141,61,131,89,3,5,188,1,6,13,5,0,36,73,1,9,0,0,16,3,9,31,58,324,36,57,3,98,6,32,1,11,1,119,11,5,28,2,96,19,0,133,2,4,2,0,4,158,15,5,9,0,13,18,48,0,118,1,355,6,0,5,2,175,0,7,11,0,5,21,52,28,31,2,12,103,0,203,14,60,1,18,171,6,0,2,45,11,94,0,51,45,22,3,26,1,16,31,0,63,423,62,3,2,17,156,3,2,2,0,2,3,153,1,27,0,1,4,0,56,2,4,4,0,82,45,0,0,31,417,34,1,2,22,0,4,0,14,70,3,3,14,4,1,3,6,13,20,3,106,101,20,2,9,103,296,4,10,69,41,4,7,33,22,99,5,146,61,2,20,2,88,0,0,11,1,692,16,71,1,1,4,27,55,177,0,9,44,1,5,0,34,16,1990,26,34,0,15,67,1,175,1,91,56,3,0,0,13,14,36,3,16,237,11,96,18,94,0,7,6,2,control
GS042,B3,M,46,2,118,0,119,11,5,0,2,1,3,3,5,59,0,2,13,1,5,205,0,10,167,56,1233,13,0,0,32,2,0,0,1,0,209,1007,3,14,3,2,0,29,57,1,3,7,4,16,7,2,7,264,9,1368,36,0,1,1,2,4,1,55,4,16,4,21,67,1,37,0,4,9,0,0,77,3,9,34,8,1,14,1,289,56,0,104,19,1,69,7,3,4,110,12,81,29,1,6,1,2,60,0,15,1,2,12,4,2906,284,0,47,0,262,64,1,110,0,107,508,12,0,21,38,29,14,1,3,32,6,0,30,11,11,138,35,0,8,3,7,1,13,3,4,81,100,1,13,5,302,10,0,91,0,25,1,0,0,3,0,3,0,2,3,1,13,5,24,81,12,1,2958,38,0,57,0,10,19,7,0,0,98,36,13,165,90,0,91,6,11,409,8,145,10,15,1,3,3,29,0,70,13,33,2,1,0,0,0,36,32,10,0,1,0,3,2,85,9,0,9,6,0,4,1,32,30,0,5,7,2,4,34,44,6,0,42,2,7,11,18,10,64,30,3,34,3,0,73,7,0,0,18,1,2,95,113,44,0,4,11,1,24,117,5,33,10,12,2,27,57,11,39,2,4,32,35,76,8,53,78,3,2,314,2,6,18,6,0,158,158,0,6,1,0,8,4,4,7,11,130,78,19,2,27,0,8,4,7,0,48,40,6,25,1,123,12,0,95,0,3,1,1,2,83,1,4,1,0,14,8,50,0,111,3,287,7,1,4,0,45,6,2,12,0,2,83,52,11,13,5,10,63,1,70,18,13,0,74,29,8,0,1,8,4,48,2,92,9,15,7,70,0,12,13,0,51,288,55,1,1,11,64,0,2,5,0,3,22,271,0,22,0,0,5,6,52,3,3,6,0,18,18,1,0,13,186,25,6,1,25,1,5,1,11,133,21,13,11,1,4,4,3,20,68,1,139,107,22,2,5,73,93,3,45,31,48,11,4,31,18,46,8,127,15,16,12,2,115,1,0,4,1,1449,18,24,2,1,2,18,269,342,1,18,100,3,4,4,44,6,1846,31,27,0,21,10,2,31,1,125,50,21,1,7,9,13,27,7,9,110,4,32,18,42,1,0,0,2,control
GS043,B3,M,75,8,161,0,108,23,5,0,4,0,1,2,0,52,15,1,3,2,6,192,7,4,53,71,75,12,0,0,8,1,4,0,3,0,174,115,2,6,13,0,0,5,60,0,2,4,2,88,17,1,2,337,1,2421,23,2,1,3,1,1,4,39,3,11,4,1,295,0,81,3,0,20,0,0,58,0,1,33,14,0,8,1,14,30,0,243,20,1,34,6,2,4,97,69,11,56,0,6,0,10,98,0,6,1,14,26,4,2282,338,0,37,0,34,40,1,164,0,52,225,13,0,5,15,343,4,1,0,8,2,0,12,19,10,174,54,0,1,3,51,4,12,0,4,12,252,2,8,3,67,1,4,65,4,10,0,0,0,1,0,12,0,0,0,1,2,21,13,74,1,0,1353,36,1,27,0,4,22,0,0,1,42,22,7,29,44,0,39,5,31,895,0,295,55,37,1,2,3,47,3,100,11,9,5,2,8,0,0,9,13,8,2,0,2,5,1,77,4,1,7,3,1,4,0,22,22,0,13,8,5,2,36,35,2,0,34,19,1,5,80,1,38,8,7,53,0,2,185,5,0,1,2,0,4,138,107,50,5,1,3,0,46,72,0,10,2,4,10,13,49,9,8,1,0,52,18,29,28,139,183,1,0,50,3,12,11,5,0,67,50,1,1,1,0,4,5,3,18,4,122,23,57,2,11,1,8,7,10,2,66,16,0,26,0,182,16,2,72,1,1,0,1,0,70,0,0,0,0,13,5,49,2,12,1,220,18,0,6,1,55,4,2,11,1,1,3,23,1,19,2,9,95,0,99,11,20,0,58,75,3,0,3,9,6,57,0,52,6,16,0,30,0,3,5,0,11,478,33,3,3,11,117,2,2,1,0,3,15,27,1,19,0,0,1,13,26,2,1,1,0,29,10,0,0,16,313,4,3,4,30,3,8,0,5,76,6,3,4,2,2,3,0,12,79,1,91,33,13,3,7,127,22,5,11,9,68,1,2,24,10,46,0,72,10,10,6,0,51,0,0,0,0,845,10,37,2,3,1,38,82,135,0,7,33,1,2,0,136,14,817,8,13,0,9,13,2,39,0,44,32,9,5,3,1,10,36,2,4,77,5,50,13,41,0,1,1,2,control
GS044,B3,M,54,10,216,2,106,20,0,0,1,1,2,2,4,46,7,1,6,0,4,170,0,5,118,41,753,5,0,0,10,2,0,2,1,1,256,374,5,6,11,6,4,15,91,1,7,3,3,45,8,0,3,476,11,1280,10,1,5,4,2,5,4,23,4,15,34,11,1069,1,66,4,6,10,0,0,17,1,6,168,18,2,40,2,43,108,0,500,10,0,55,13,5,0,106,132,46,174,0,10,2,3,31,0,5,1,25,29,4,1227,318,0,13,0,95,24,2,88,1,220,214,29,0,6,13,429,2,1,2,24,33,0,31,9,5,138,120,0,0,3,15,5,5,0,6,2,83,1,20,7,217,12,4,104,6,10,0,0,0,2,0,6,1,4,3,2,26,16,26,244,5,0,1177,62,0,50,1,5,20,1,0,1,14,35,7,99,87,0,16,5,5,590,1,467,11,49,3,1,0,86,4,92,12,27,4,2,4,0,2,26,112,5,0,0,1,26,3,69,1,0,12,2,1,6,2,36,96,0,6,14,29,4,28,13,2,0,51,5,0,2,304,8,25,13,7,44,2,1,627,9,0,2,27,0,1,17,52,19,0,2,28,0,14,125,10,28,2,23,0,10,5,25,20,5,4,42,63,48,3,156,98,1,1,125,2,6,6,3,1,122,76,1,2,1,0,3,3,4,2,18,74,40,57,0,94,1,16,6,6,1,12,24,10,42,0,256,13,3,106,1,1,2,0,0,121,6,4,6,0,32,16,79,6,132,0,190,15,2,15,0,70,7,7,21,0,5,14,56,3,14,5,4,237,0,212,11,20,0,13,170,19,0,10,28,1,36,1,16,3,26,4,395,0,6,4,1,60,205,72,6,0,19,224,1,1,1,0,3,16,167,1,99,0,2,6,11,50,0,1,1,2,15,5,4,0,21,197,12,9,5,6,1,18,0,17,26,37,15,11,4,0,0,1,4,48,2,84,57,17,3,2,48,23,8,19,58,52,4,2,7,11,50,4,86,8,11,33,0,119,0,0,1,0,354,21,75,2,0,5,27,82,100,2,30,64,2,2,1,56,31,2067,33,22,0,12,20,0,37,1,43,51,7,2,7,3,2,31,5,9,69,8,15,10,10,0,2,3,3,control
GS045,B3,F,34,24,673,1,280,26,6,0,1,3,7,3,0,77,9,4,4,3,13,116,4,23,84,40,732,34,0,4,21,0,1,0,4,4,199,315,5,13,5,0,5,57,49,2,3,5,1,23,3,7,9,1807,14,2265,56,0,3,0,1,4,1,21,14,17,6,15,367,0,90,0,0,41,0,0,34,2,5,124,15,1,2,1,637,29,0,341,12,2,47,4,1,8,163,87,55,143,0,5,3,6,87,1,19,1,16,19,2,4639,411,0,24,2,86,20,1,142,1,233,655,13,1,6,18,484,5,3,8,17,21,0,42,27,16,49,51,0,7,11,12,3,6,3,3,93,227,1,17,1,48,4,6,128,6,7,1,0,0,4,0,14,0,10,7,2,9,16,14,280,11,2,4144,79,1,79,0,9,24,1,0,2,4,29,16,55,49,0,75,4,1,759,5,815,14,52,1,2,3,8,1,50,5,21,8,2,6,0,0,16,124,5,1,0,4,1,9,56,10,0,1,3,3,4,1,10,39,1,14,10,29,0,43,33,11,0,96,14,2,2,122,5,15,46,10,27,0,2,291,3,1,0,29,0,6,202,140,31,3,2,18,1,5,47,3,26,2,26,4,5,31,16,52,2,5,52,34,60,50,251,152,13,8,329,1,12,6,5,1,310,86,0,5,2,0,20,5,7,4,22,269,19,83,1,9,0,48,15,5,3,163,26,5,26,0,84,25,1,52,1,3,0,2,3,71,0,7,8,0,29,11,94,3,119,2,54,68,0,3,1,88,4,4,7,1,0,27,116,13,16,11,4,98,1,309,30,8,0,94,287,33,2,6,11,18,55,3,31,33,23,0,97,1,40,5,0,101,280,74,2,2,21,264,0,3,3,0,6,8,181,3,113,0,1,11,20,54,0,5,0,0,61,26,1,1,24,116,7,18,3,42,2,14,0,9,143,8,7,13,5,1,10,2,11,54,0,55,262,8,2,14,210,202,15,7,130,74,15,3,43,59,91,7,104,51,13,15,3,308,0,0,9,0,335,17,64,1,0,9,82,152,88,0,30,53,3,0,1,110,10,1997,19,3,1,15,29,0,149,1,26,55,1,2,7,2,10,58,2,17,199,8,38,14,9,0,3,11,1,control
GS046,B3,M,34,9,87,0,169,13,2,0,5,0,3,1,5,37,8,1,7,2,5,141,7,6,39,29,484,8,0,0,8,1,0,3,3,1,59,154,4,4,19,4,0,17,42,0,7,1,2,64,7,0,2,114,6,2595,107,1,2,0,2,5,0,39,1,11,7,2,265,0,28,3,1,16,1,0,41,2,4,52,0,0,11,0,40,101,0,77,13,1,74,2,4,9,41,61,32,39,0,8,3,12,27,0,6,0,7,10,3,6632,421,0,79,0,115,49,0,56,0,151,327,37,0,9,3,155,31,5,3,16,35,0,62,11,10,118,93,0,2,1,28,4,9,2,2,14,105,0,12,3,18,2,10,50,1,6,0,0,0,6,1,3,0,0,1,1,16,59,24,339,7,3,2202,27,1,23,0,1,58,1,0,0,45,32,21,62,83,0,56,14,32,163,1,297,34,42,2,0,2,66,0,97,6,59,4,1,4,0,0,14,100,14,1,0,1,21,3,68,5,0,2,0,0,3,2,15,47,1,21,28,9,0,78,52,5,0,14,8,4,7,107,3,19,3,4,78,2,4,650,11,2,0,21,0,1,161,35,37,2,1,12,0,52,168,7,35,2,14,12,23,20,13,67,0,0,48,7,171,43,308,46,1,2,161,0,3,49,4,0,66,58,2,13,1,1,9,5,1,17,20,123,21,61,0,29,2,22,12,11,1,64,18,18,31,2,58,11,0,69,1,1,1,0,0,70,3,5,2,0,16,9,38,1,26,1,376,4,0,6,0,26,3,6,4,2,1,15,29,9,19,7,4,33,0,131,9,28,0,32,36,2,0,5,33,17,24,3,38,20,5,2,36,1,13,7,0,30,222,53,1,2,15,85,2,3,4,0,1,17,95,1,51,0,1,9,7,58,3,1,21,0,36,13,4,0,11,87,13,3,6,17,4,3,1,20,40,1,12,7,2,1,5,0,0,13,0,143,151,6,7,35,80,153,4,10,11,15,5,1,8,33,45,3,100,21,3,2,3,55,1,0,4,0,651,19,85,4,0,1,17,88,227,0,12,57,1,4,1,112,0,909,10,6,0,4,26,0,58,1,131,34,19,2,0,3,5,23,3,9,99,7,119,10,55,0,3,6,1,control
GS047,B3,M,51,18,103,0,97,69,2,0,4,1,0,1,5,8,4,0,8,1,9,156,5,3,26,81,410,3,0,1,9,1,1,2,5,1,69,444,0,10,6,2,0,58,114,0,4,2,3,49,3,1,4,769,19,1832,7,1,0,2,2,10,1,36,2,2,3,10,592,1,37,1,1,4,0,0,158,0,2,45,3,0,21,4,66,148,0,275,18,1,63,6,1,1,47,249,28,34,0,2,2,10,66,2,5,0,11,1,5,3597,367,0,85,2,45,17,2,132,0,96,192,21,0,6,11,127,8,0,3,18,99,1,24,5,9,162,123,0,0,7,16,2,10,2,5,13,192,0,2,2,157,1,6,76,10,3,0,0,0,6,1,3,0,5,0,0,12,17,14,256,4,0,3569,73,1,69,1,8,15,3,0,0,8,69,0,19,18,0,104,8,36,550,5,165,15,21,0,3,0,19,3,92,13,11,6,0,4,0,4,8,178,3,0,0,1,1,1,93,1,0,6,3,0,2,1,8,25,0,14,35,31,3,52,10,2,0,29,8,1,2,58,4,33,15,6,58,0,0,297,9,0,0,14,0,6,86,54,37,4,2,8,0,15,253,5,39,6,30,9,13,13,8,24,1,0,50,60,166,27,46,71,2,5,253,1,8,0,1,0,42,41,0,9,0,0,16,3,33,21,6,89,37,10,1,51,1,31,9,15,1,53,17,5,35,0,63,18,1,40,0,1,0,1,1,52,4,8,4,0,15,11,33,0,30,0,111,10,0,2,0,20,2,5,0,4,1,42,92,11,23,9,6,172,0,172,28,13,0,44,151,6,1,7,21,2,33,0,80,13,22,2,137,0,1,7,0,43,427,41,6,0,12,115,0,3,3,1,1,22,76,0,44,0,1,1,8,57,0,3,9,0,81,21,4,1,29,97,11,7,0,39,1,4,1,2,26,13,4,10,0,0,2,4,2,64,1,52,88,2,2,3,49,89,2,25,19,99,3,1,7,44,35,11,171,41,7,18,1,64,0,0,2,0,563,36,31,0,1,10,56,24,142,0,4,131,2,1,0,71,2,315,54,20,0,5,6,0,57,1,261,20,8,0,3,0,2,13,0,12,137,7,63,8,67,0,2,17,1,control
GS048,B3,M,59,6,280,0,174,76,4,1,0,0,0,6,0,42,5,0,2,2,4,156,8,6,34,38,225,17,0,0,9,0,0,2,4,1,69,415,0,0,9,3,1,25,10,2,1,8,0,64,18,0,1,1227,8,1960,34,1,8,2,0,9,3,38,2,8,22,5,647,0,14,2,0,34,0,0,16,0,1,36,5,1,25,1,135,33,0,196,10,0,22,10,0,11,126,173,26,105,0,6,4,7,17,0,13,1,43,16,9,2272,418,0,35,0,37,22,1,76,1,103,553,9,0,9,6,310,22,0,3,27,26,0,20,8,9,46,31,0,0,7,3,6,22,3,1,95,100,0,4,9,136,10,4,99,1,8,0,0,0,8,0,10,0,6,1,2,14,25,14,155,3,1,770,62,0,30,0,8,33,0,0,0,128,16,10,128,67,0,57,4,18,933,2,383,2,34,1,5,0,56,0,88,10,34,3,0,3,0,1,8,60,22,0,0,1,19,6,64,4,0,6,9,2,3,1,5,24,0,7,12,11,2,5,24,3,0,18,7,0,4,106,8,30,6,6,13,0,1,161,10,1,0,43,0,10,82,63,10,3,2,15,0,13,70,2,5,1,11,7,17,8,14,33,2,3,58,12,128,19,196,73,1,2,317,3,6,5,2,0,116,47,1,7,0,0,10,3,13,12,22,167,11,21,0,23,1,6,13,5,1,71,33,7,29,0,80,11,0,88,0,1,2,0,1,43,7,1,0,0,2,5,50,0,68,0,519,18,0,3,0,108,2,3,8,1,2,31,37,8,46,12,5,42,0,109,38,2,1,19,106,15,0,7,9,4,7,0,30,4,20,0,50,1,2,15,0,67,219,14,9,2,11,112,1,3,4,0,7,15,84,1,48,0,1,2,9,56,2,1,4,0,33,19,1,2,11,88,15,5,5,25,4,11,0,14,75,21,2,10,2,2,2,3,9,23,0,74,178,15,3,15,101,95,3,14,22,57,13,2,15,44,79,10,80,29,8,11,0,105,2,0,2,1,880,13,17,1,0,4,14,207,43,2,8,32,1,5,0,33,2,499,15,7,0,6,21,0,106,0,182,6,9,0,3,8,4,38,17,3,103,7,24,10,73,0,0,10,1,control
GS049,B3,F,68,4,608,2,129,86,4,0,2,0,2,5,3,75,15,2,5,1,4,177,4,14,71,25,1250,36,0,0,21,1,0,3,4,2,67,568,3,10,7,4,0,53,64,3,0,11,0,31,16,1,9,144,24,680,56,0,4,3,0,1,3,34,1,26,9,29,879,0,97,0,0,29,0,0,52,0,2,36,22,1,50,0,99,46,0,319,41,9,135,5,5,3,568,225,22,96,2,16,2,7,66,0,5,0,37,9,12,1384,383,0,26,1,421,29,2,117,0,153,480,51,1,11,3,390,2,0,9,27,16,0,17,56,11,285,205,0,4,5,8,4,18,3,6,8,141,0,29,2,123,6,9,44,5,10,0,0,0,8,1,2,2,3,0,1,32,35,9,274,10,1,3036,105,0,88,1,8,66,3,0,2,75,16,1,13,89,0,17,3,20,1638,11,166,18,58,1,4,1,59,1,141,8,15,18,5,4,0,0,7,91,14,1,0,7,5,2,71,16,0,4,20,3,0,0,15,109,1,10,8,20,4,40,34,16,1,36,6,2,9,55,9,33,17,2,48,4,5,191,16,2,0,21,1,2,104,22,18,0,3,7,3,40,104,1,38,0,39,18,7,40,30,71,1,1,38,21,206,19,99,201,2,4,182,0,2,9,5,3,34,446,0,5,2,0,8,3,24,22,22,205,26,71,0,21,6,37,1,12,2,45,18,1,18,3,142,30,1,98,2,4,1,0,0,255,10,10,2,0,18,17,45,0,48,1,343,50,0,10,0,129,0,2,16,5,0,31,19,9,59,7,7,170,0,239,31,10,0,54,121,19,1,3,12,11,63,4,61,13,16,0,172,1,9,27,0,103,436,44,6,4,16,156,3,0,1,0,6,16,77,2,25,0,0,7,28,82,0,3,3,1,50,20,8,1,28,210,24,8,1,51,1,4,2,6,38,17,5,42,4,4,2,5,3,87,2,112,141,11,11,18,87,45,4,23,10,17,6,2,20,42,112,10,26,37,10,18,3,108,4,0,3,0,750,25,4,1,0,1,52,180,185,0,19,31,1,2,1,52,5,1230,11,50,0,5,6,0,68,2,216,11,6,2,7,8,2,22,1,38,115,6,27,26,39,1,1,7,0,control
GS050,B3,F,52,11,195,1,353,7,3,1,1,1,4,1,6,68,17,6,13,0,21,242,5,14,155,46,979,19,0,0,5,0,0,2,1,0,186,334,10,14,3,2,2,21,104,2,2,1,2,94,23,7,4,128,32,4448,18,2,6,2,2,23,4,60,4,12,0,12,693,1,31,5,1,72,0,0,55,1,4,95,16,1,37,1,202,127,0,564,8,2,81,6,7,3,242,123,27,24,0,16,0,5,77,3,9,0,29,38,15,5202,321,0,2,0,149,40,1,128,2,89,601,25,0,27,11,382,18,1,0,4,20,1,31,14,5,102,60,0,3,7,15,5,7,0,7,92,416,1,3,8,67,5,8,37,3,3,0,0,0,4,0,9,0,4,1,2,13,23,14,108,7,4,1406,32,6,60,0,3,75,3,0,0,26,40,15,178,19,0,56,3,18,664,9,354,12,22,1,1,0,45,4,55,17,40,1,6,3,0,0,0,85,41,0,1,1,15,0,115,9,0,6,4,1,5,0,14,32,0,36,35,27,3,8,10,6,0,70,19,2,14,303,4,30,27,11,51,6,2,710,8,1,3,26,0,2,177,21,56,10,1,10,0,64,77,5,42,4,15,15,4,73,7,9,4,2,91,34,176,45,181,260,3,1,66,1,5,7,8,0,262,124,2,7,1,0,7,2,3,18,20,245,37,145,0,23,1,20,6,13,2,51,53,5,55,0,117,14,0,168,5,0,2,0,0,37,4,2,7,1,22,24,52,0,62,1,375,18,1,21,0,61,2,7,5,0,4,49,39,27,51,10,12,131,2,36,14,28,0,47,260,28,0,0,24,22,69,2,46,7,45,5,109,0,14,7,0,97,737,54,10,0,22,187,1,2,2,0,2,11,113,3,116,0,2,5,8,31,4,0,2,0,60,9,2,0,11,110,23,8,6,5,0,14,0,35,37,4,15,31,4,3,2,6,4,65,4,117,40,23,6,19,97,341,9,54,23,51,12,1,16,19,50,4,197,39,10,14,7,144,1,0,3,0,914,11,167,1,0,7,27,269,216,3,44,34,1,0,1,81,6,1360,21,22,0,8,19,0,80,3,242,9,6,0,8,12,5,13,1,16,85,19,41,22,63,2,6,12,2,control
GS051,B3,F,40,6,520,0,105,48,8,0,3,1,0,1,2,36,14,2,3,1,13,270,2,2,168,56,770,10,0,0,13,0,0,1,2,0,73,402,0,3,12,9,2,37,53,5,0,2,0,74,9,2,4,423,7,4419,15,2,1,2,0,11,1,25,0,12,6,4,265,1,79,2,4,27,0,0,60,0,3,102,37,0,22,0,215,28,0,195,22,2,102,8,0,3,199,136,18,70,0,6,5,5,4,0,2,1,13,9,8,26471,187,0,21,2,148,48,0,163,1,74,357,27,0,15,6,371,13,6,4,4,11,0,29,4,17,125,79,0,4,2,43,2,1,1,2,48,93,0,2,2,35,7,4,39,0,8,0,0,0,12,0,10,1,3,3,4,24,2,11,368,3,1,1266,66,0,37,0,9,34,3,0,1,31,65,0,41,46,0,81,4,12,622,15,228,11,24,2,5,3,3,0,151,2,30,1,0,7,2,0,8,98,10,0,1,1,13,1,61,7,0,4,1,0,11,1,16,23,1,16,15,6,2,19,14,7,0,31,4,3,3,96,4,24,13,15,12,0,2,359,1,2,0,16,0,8,19,48,19,1,0,26,0,29,49,3,17,3,7,1,16,16,21,1,2,1,39,63,85,37,31,65,7,1,168,0,3,1,4,0,26,118,2,15,0,0,2,5,9,7,19,29,20,26,0,33,1,40,13,7,3,123,20,2,64,2,12,18,3,82,0,0,1,0,1,132,3,3,1,0,13,39,37,3,18,0,182,23,0,6,0,104,1,9,17,0,5,110,80,3,24,8,4,189,0,122,19,16,0,24,157,29,0,2,52,40,37,4,21,35,36,1,168,0,6,2,0,72,457,31,1,3,5,50,0,7,0,1,3,17,73,0,29,0,0,6,1,103,2,1,6,0,24,5,1,0,41,89,21,4,1,41,4,4,0,26,6,18,16,9,2,1,1,6,14,183,3,34,47,5,3,13,98,203,2,16,62,61,10,4,8,33,200,0,137,27,7,11,0,130,1,0,2,1,379,14,48,0,0,2,36,53,122,0,11,63,1,2,3,31,2,800,7,9,0,4,125,0,30,0,39,25,6,0,4,3,3,34,1,7,91,11,53,9,53,1,1,5,0,case
GS052,B3,M,65,0,95,1,237,101,0,0,3,0,2,2,5,28,24,1,5,1,11,106,2,23,59,103,406,20,0,0,6,0,1,0,10,1,114,567,1,10,4,7,2,64,73,0,7,3,1,284,8,2,4,438,23,1336,72,0,2,0,1,8,2,28,2,6,9,7,2059,0,57,4,0,12,1,0,44,0,1,71,33,1,22,2,386,56,0,242,39,1,51,7,9,3,335,409,15,71,0,9,0,5,15,0,15,1,28,15,17,17752,457,0,50,2,71,21,2,126,1,232,398,3,0,13,22,192,25,5,11,16,22,3,22,27,9,57,77,0,2,1,20,0,17,0,7,36,269,1,21,7,291,2,5,144,1,16,0,0,0,6,1,4,0,3,1,3,13,16,30,238,10,1,3015,48,3,43,1,9,87,8,0,1,7,44,10,34,50,0,44,3,32,1399,2,297,17,46,1,0,12,33,1,97,14,37,13,0,5,0,0,26,165,8,1,1,5,10,1,8,2,0,6,1,1,9,0,8,48,1,16,15,18,0,37,31,3,0,55,5,1,6,291,2,52,32,3,26,2,1,294,10,0,1,6,1,8,119,103,21,1,0,8,0,115,42,1,13,0,11,11,36,10,15,56,3,2,75,47,176,8,61,46,5,4,121,1,4,18,5,1,292,107,2,16,0,0,3,7,6,11,6,106,28,17,2,31,1,12,16,9,11,30,46,7,56,1,96,13,1,198,0,4,0,0,4,14,2,2,3,0,42,14,28,0,78,0,251,23,0,6,1,161,4,1,33,2,3,37,195,19,15,9,31,105,1,81,15,8,0,83,168,26,3,4,25,24,31,6,142,4,30,6,125,1,12,7,0,18,67,26,1,2,42,74,0,0,1,1,8,14,28,2,34,0,2,1,15,409,0,3,2,0,41,18,6,0,43,297,27,2,0,18,2,11,2,16,37,21,11,25,2,1,1,2,6,99,8,63,73,9,8,1,46,716,0,26,28,111,6,5,34,16,94,13,72,20,13,16,2,188,2,0,2,0,933,32,117,0,0,15,32,209,116,0,13,149,1,2,1,134,26,3747,21,18,0,9,133,5,111,0,46,24,3,2,2,10,11,114,1,19,237,17,81,9,36,0,4,8,4,case
GS053,B3,M,39,3,218,0,109,70,1,0,1,0,1,0,1,45,14,1,1,0,3,161,1,15,22,20,701,3,0,0,16,1,0,3,1,0,163,46,3,0,7,0,0,22,14,0,4,5,2,20,9,1,6,357,5,2995,32,0,4,0,3,7,0,26,4,12,8,9,1870,0,24,1,2,10,0,0,19,1,2,69,20,0,18,0,91,41,0,41,8,0,43,4,2,0,109,42,34,13,0,4,2,4,57,0,7,0,9,8,8,8274,122,0,46,0,159,8,5,54,0,18,276,29,0,7,14,243,13,3,5,4,26,2,15,17,1,93,49,0,0,1,16,1,1,1,1,30,135,1,4,1,74,5,1,41,1,8,0,0,0,3,0,11,0,2,1,0,4,16,16,169,2,0,1471,87,0,13,1,0,43,0,0,1,46,36,4,37,51,0,62,1,12,994,15,209,10,30,1,1,2,44,2,140,5,14,3,1,0,0,0,9,163,7,0,0,2,6,4,27,4,0,1,10,1,0,1,13,23,0,16,40,9,4,56,12,2,0,16,16,0,6,90,3,11,10,6,20,3,2,47,6,0,0,30,0,0,30,41,31,0,1,8,0,61,78,3,22,0,12,11,14,29,3,25,2,1,22,7,29,18,39,58,1,4,86,0,4,12,3,0,67,108,1,8,0,0,6,5,3,10,22,119,22,16,0,54,0,11,12,5,0,24,11,6,46,1,57,7,0,118,0,1,0,0,0,60,3,1,0,0,6,8,37,2,15,3,146,13,0,0,0,74,1,5,12,0,1,35,128,5,33,2,3,59,0,72,32,5,0,58,246,4,2,0,42,17,73,3,96,26,33,3,218,2,4,26,1,15,182,9,0,0,10,45,0,3,2,1,2,9,96,0,9,0,1,5,13,231,1,1,3,0,30,2,4,1,21,38,14,2,3,25,1,2,2,3,45,14,8,20,1,0,2,0,3,41,3,30,135,8,6,3,25,72,4,14,15,25,3,2,17,21,66,2,60,36,3,8,1,61,3,0,1,1,200,12,73,0,0,2,19,61,181,1,34,107,0,2,1,11,18,1626,33,17,0,2,21,0,81,2,199,22,1,1,3,7,6,18,0,7,44,3,23,30,17,0,3,15,1,case
GS054,B3,F,58,3,148,1,47,24,1,0,0,0,0,0,0,19,3,0,5,1,2,114,4,1,59,31,540,12,0,2,7,0,0,1,3,0,55,430,2,1,2,8,0,23,49,3,3,5,0,79,12,1,2,109,5,2010,17,0,2,1,0,16,1,30,7,13,11,3,818,0,52,0,0,5,0,0,46,3,1,58,1,1,22,0,123,36,0,161,2,1,68,5,0,4,120,58,42,68,0,3,3,2,0,0,3,1,14,8,2,11946,236,0,20,3,94,14,2,181,0,47,218,23,2,14,33,318,3,2,1,11,17,2,8,43,3,43,128,0,8,6,40,8,9,0,3,14,20,2,9,4,142,3,3,38,8,4,1,0,0,3,1,11,1,4,0,1,8,22,26,350,1,1,1803,19,0,23,0,4,16,2,1,0,16,5,16,92,23,0,34,1,14,198,10,72,15,37,2,0,1,10,3,68,4,4,2,1,0,0,0,9,170,10,0,0,2,2,1,39,1,0,1,4,0,0,1,13,28,0,13,5,20,1,24,6,6,0,12,3,2,1,251,1,20,9,1,24,2,1,63,7,0,0,16,0,4,24,42,23,0,2,23,0,12,32,5,4,1,22,4,10,12,17,35,1,0,32,33,98,38,37,36,4,3,88,1,2,10,3,0,40,77,0,8,1,0,1,4,2,3,9,79,17,47,1,20,2,5,5,3,7,17,20,3,32,1,40,3,2,28,0,0,1,2,0,95,9,1,1,0,15,12,30,1,26,0,114,4,0,2,0,10,4,4,6,0,1,57,60,7,9,7,2,45,0,110,3,6,2,11,124,7,0,4,35,26,39,2,54,1,2,3,64,1,9,3,0,17,191,23,1,0,34,82,0,2,0,0,0,7,23,0,47,0,0,4,13,90,1,1,3,0,36,8,0,0,9,168,7,0,4,6,1,5,0,4,47,8,2,10,0,1,3,1,5,18,2,34,22,1,1,2,6,39,2,14,38,35,1,3,12,8,28,5,87,32,7,5,1,60,0,0,1,2,415,22,93,0,0,2,25,112,224,0,8,45,1,1,0,32,11,1004,18,21,0,5,5,0,13,0,63,24,5,3,2,0,4,14,1,12,83,3,29,10,51,0,4,3,3,case
GS055,B3,M,36,13,206,3,460,46,0,0,0,0,1,0,2,28,9,4,11,3,27,127,8,12,19,30,356,0,0,0,3,2,0,3,5,1,22,19,1,7,3,3,0,47,54,5,4,4,1,14,15,1,3,439,20,669,55,2,2,0,1,9,1,56,5,1,5,9,769,0,20,3,1,0,0,2,63,0,4,31,11,0,8,1,7,42,0,32,13,3,64,3,5,3,94,44,33,84,0,0,3,16,22,0,6,1,3,30,4,19715,121,0,14,2,101,7,1,132,1,180,605,23,2,4,8,692,12,5,2,17,26,1,30,28,17,126,38,0,3,10,6,1,5,1,5,10,388,0,12,1,58,7,1,15,5,4,0,0,0,3,0,3,0,5,0,0,38,44,63,126,2,1,1190,33,1,36,1,23,18,2,0,0,10,53,6,62,31,0,104,3,50,178,2,216,25,38,1,4,3,19,0,95,10,33,4,0,1,0,0,24,181,0,1,0,1,10,2,55,12,0,1,3,1,5,0,22,60,1,3,38,12,2,21,17,10,0,33,1,5,3,398,8,19,10,2,27,1,3,525,7,0,0,15,0,3,98,27,81,0,1,24,0,139,117,3,33,1,7,5,4,18,10,23,1,1,21,21,86,36,69,54,4,1,165,0,9,13,1,0,26,98,2,1,0,0,5,1,11,24,34,185,19,84,2,32,0,86,11,6,1,126,15,8,87,0,88,48,3,62,0,1,1,1,2,147,0,3,1,0,13,16,79,0,51,1,36,31,0,2,1,36,4,7,12,0,2,103,88,15,20,6,2,157,0,69,19,19,0,55,120,15,0,4,37,18,102,3,116,12,22,1,231,0,11,5,0,18,450,29,0,0,17,172,0,0,5,2,1,3,186,1,121,0,5,1,7,191,0,1,3,0,19,19,0,0,6,133,15,3,0,29,0,13,0,18,41,11,9,14,1,1,2,0,4,34,0,36,79,3,3,9,50,73,14,6,44,20,8,4,25,33,5,7,147,22,6,11,0,87,0,0,8,0,493,12,94,1,0,0,54,27,223,0,5,43,2,0,2,9,10,1052,25,7,0,1,19,1,38,2,12,33,17,1,3,7,11,39,0,3,72,7,92,3,5,1,3,2,1,case
GS056,B3,F,44,4,211,0,172,43,3,0,7,0,1,2,1,38,8,1,8,2,4,254,0,8,24,19,511,3,0,0,7,0,0,2,2,1,59,333,1,2,7,7,0,33,25,3,3,7,0,87,3,0,0,442,14,576,18,1,4,2,1,14,3,12,2,4,2,3,615,1,39,0,0,18,1,0,33,1,5,71,46,2,31,3,102,31,1,71,7,2,25,9,5,5,30,77,34,145,0,8,1,13,19,1,2,1,3,8,4,4270,138,0,28,6,164,9,2,58,0,257,184,4,0,6,13,103,20,1,4,34,9,0,8,16,16,61,110,0,3,5,28,4,11,0,0,25,401,0,25,2,93,3,4,70,1,2,0,0,0,1,1,2,0,1,2,1,18,25,11,224,1,2,1142,17,0,30,0,5,33,1,0,0,28,45,13,68,16,0,65,1,19,948,3,35,6,44,2,2,0,24,3,165,10,11,7,1,3,1,1,12,45,24,0,0,0,12,0,81,2,0,2,6,0,4,1,6,40,0,2,6,11,1,48,19,2,1,9,9,2,3,201,13,13,37,0,2,1,5,97,12,0,1,3,0,0,101,28,23,1,1,22,1,17,118,0,20,2,4,10,4,61,15,31,2,1,83,34,51,21,382,44,2,4,157,1,8,5,12,0,60,212,0,9,0,0,19,2,14,3,1,68,30,64,0,23,1,24,6,6,2,35,4,4,16,1,76,6,0,179,0,1,0,0,0,71,7,1,0,0,1,5,24,1,103,0,208,39,0,4,0,64,3,6,11,0,4,145,144,5,9,8,17,69,0,95,13,18,0,22,126,15,0,13,43,2,69,1,31,4,10,0,164,0,19,7,0,5,494,22,2,1,11,99,0,0,0,0,0,7,67,2,69,0,2,3,9,146,3,1,4,0,27,7,0,0,20,194,10,0,2,29,2,6,2,18,109,12,15,22,3,1,2,6,6,49,2,41,43,14,8,5,55,40,7,46,9,26,0,2,27,16,87,4,18,12,6,15,1,105,1,0,3,1,215,19,93,2,1,10,10,147,319,1,17,81,0,2,1,12,8,1054,20,7,0,16,43,1,68,1,165,65,4,1,0,3,4,66,5,1,91,6,53,43,96,0,3,3,1,case
GS057,B3,F,64,6,483,1,162,5,10,1,2,1,1,3,0,29,9,0,17,3,8,114,2,8,161,38,226,13,0,0,3,0,1,1,9,0,95,681,2,1,4,8,1,25,13,1,1,1,1,76,13,1,0,1159,17,1602,30,0,5,1,2,20,3,16,3,13,6,19,476,0,94,1,0,27,0,0,73,1,6,37,25,0,37,1,343,67,0,157,36,2,17,6,4,1,81,168,23,184,1,8,6,11,37,1,6,0,4,17,40,11717,274,1,65,2,126,16,2,105,0,170,353,38,0,9,12,592,9,2,2,2,56,0,18,21,7,273,17,0,3,7,34,1,3,0,3,19,244,3,5,2,35,14,8,7,4,22,0,0,0,9,0,4,0,2,6,1,5,18,26,270,20,1,2367,62,3,95,0,4,28,3,0,0,36,40,25,57,55,0,76,5,26,472,7,471,9,59,1,1,2,27,4,91,9,26,1,0,3,0,0,18,103,11,0,1,0,9,3,22,2,0,5,3,3,7,0,11,34,1,11,9,13,2,88,25,3,0,19,22,1,6,703,4,67,22,2,15,1,3,417,5,1,0,20,1,9,90,66,57,0,1,19,1,36,22,0,26,10,20,16,72,41,14,32,4,3,59,33,87,50,65,22,4,2,39,1,6,24,0,1,69,251,0,6,0,0,11,8,3,11,10,93,66,63,2,70,0,40,11,14,3,53,29,4,38,0,169,7,0,68,0,0,1,1,0,148,13,1,5,0,4,18,58,1,89,0,180,12,0,13,0,41,1,4,9,0,6,48,222,4,10,8,13,56,0,124,22,36,0,52,124,16,0,4,24,20,53,1,31,6,15,0,142,1,3,9,1,10,757,11,6,4,45,103,2,5,1,1,0,4,228,1,54,0,3,1,5,93,5,1,1,0,80,12,1,0,24,174,13,2,5,5,1,6,0,14,25,39,2,6,5,3,6,3,11,67,2,43,117,5,13,13,105,98,4,14,72,61,2,1,12,8,90,3,254,49,8,12,2,153,0,0,3,0,1028,11,180,0,0,5,45,40,201,2,4,104,0,2,9,86,29,2527,18,27,0,5,57,2,44,0,95,19,1,0,5,2,11,26,6,6,145,10,15,18,45,0,0,3,0,case
GS058,B3,F,56,12,329,2,416,33,6,0,1,0,1,3,0,33,6,0,9,3,4,185,3,6,105,18,404,7,0,2,19,3,0,3,4,1,224,746,3,11,5,4,2,76,25,2,1,2,0,173,12,0,6,984,7,1008,40,2,1,1,1,22,0,83,1,8,4,13,1021,0,18,6,1,36,0,0,67,1,3,184,7,4,17,1,635,24,2,102,27,0,39,3,6,8,89,454,15,29,0,2,6,20,38,1,12,0,15,13,5,14164,333,0,54,2,50,31,0,53,0,187,269,8,2,5,13,801,27,4,3,12,16,0,64,41,17,250,328,0,4,1,20,6,4,4,0,164,134,2,22,8,51,17,9,143,4,31,0,0,1,11,0,6,0,2,5,2,30,33,19,394,8,5,6333,84,3,119,0,8,53,3,0,0,39,20,12,143,51,0,326,0,20,880,7,226,20,136,2,1,6,65,1,90,38,6,2,0,1,0,0,9,218,13,2,1,4,7,2,153,21,1,2,8,0,5,1,9,68,4,19,30,23,3,105,35,8,0,81,5,2,5,169,6,14,26,4,57,2,7,114,14,0,0,43,3,7,17,75,10,2,0,16,2,45,69,6,36,7,2,9,15,46,37,44,5,1,27,51,142,17,110,46,5,5,464,1,14,28,2,0,131,68,1,1,1,0,16,0,8,24,8,34,28,26,2,54,2,45,16,8,2,72,34,9,52,1,244,19,0,65,1,4,2,2,4,124,1,5,5,0,45,5,94,1,54,0,106,9,1,11,0,63,4,13,18,1,3,225,72,9,14,25,21,11,0,157,74,18,0,58,101,28,1,3,15,14,27,1,80,5,6,5,111,0,14,21,0,75,241,84,0,4,21,252,1,0,2,1,6,10,148,1,65,0,0,5,12,426,0,7,14,0,38,5,1,0,13,220,20,7,3,19,2,5,2,15,139,6,14,19,6,2,6,0,18,3,1,170,114,27,5,10,44,476,19,36,43,67,2,2,47,53,47,4,93,19,8,22,2,162,0,0,3,0,1337,12,194,1,0,10,41,174,393,3,29,74,0,4,1,43,8,2296,32,12,0,15,194,1,38,1,105,68,15,1,9,7,7,124,0,8,508,12,35,19,68,2,6,10,2,case
GS059,B3,M,70,9,360,1,140,27,5,1,1,0,1,1,10,34,21,1,11,6,6,277,1,31,105,30,701,12,0,1,13,1,1,2,2,0,256,504,4,2,2,10,0,28,33,0,3,6,2,38,22,1,0,657,5,2975,35,2,4,1,4,10,3,29,5,17,9,18,673,0,72,1,0,0,0,0,87,2,10,91,18,0,3,0,341,42,0,224,34,2,181,5,2,8,234,25,40,84,0,5,2,8,40,0,12,2,20,2,16,8869,165,1,59,6,71,40,3,70,0,166,1075,24,3,4,10,936,5,10,1,16,9,0,49,43,29,116,97,0,6,12,14,1,21,0,5,49,298,0,11,6,153,8,5,73,8,4,0,0,0,7,0,6,0,1,1,1,21,20,14,324,12,2,4730,43,0,45,0,4,59,1,0,2,13,32,14,47,23,0,58,7,37,556,1,219,21,30,3,5,0,26,2,64,15,44,11,1,0,0,0,11,186,3,0,1,1,13,1,173,12,0,6,0,1,5,1,15,37,1,12,13,24,0,44,23,14,0,83,12,3,8,184,5,16,14,7,32,5,1,154,10,0,1,8,0,4,48,46,33,1,0,7,0,13,63,1,42,4,11,14,31,24,8,32,3,12,44,33,45,11,39,249,8,1,237,4,14,35,0,0,93,28,0,5,0,0,2,3,6,11,19,168,98,61,2,20,2,29,17,9,10,100,46,1,24,1,75,13,1,122,1,2,1,2,1,133,5,0,0,0,50,11,141,1,28,0,143,11,1,4,1,80,1,2,16,3,0,112,95,6,11,9,12,154,0,202,29,10,0,49,257,37,1,3,47,16,21,3,116,10,24,3,62,0,13,26,0,43,592,47,1,3,24,48,3,3,1,1,8,5,98,2,45,0,1,5,3,182,1,1,4,0,13,20,9,0,20,315,9,2,3,20,1,5,1,11,108,12,12,25,0,6,5,6,16,61,10,221,92,3,2,8,257,64,1,5,31,24,8,4,57,22,119,2,154,25,11,22,3,206,1,0,1,0,1279,7,115,8,1,5,38,175,405,1,31,90,1,3,0,83,37,754,57,23,0,0,95,0,142,1,211,74,9,4,7,7,1,59,1,14,277,11,121,6,35,0,2,13,3,case
GS060,B3,M,51,0,289,0,246,17,3,0,4,1,5,4,8,27,5,0,6,2,18,184,5,9,53,109,657,8,0,0,6,4,0,2,3,0,115,755,4,6,6,7,1,30,53,0,2,2,1,176,8,1,7,495,10,3806,101,1,1,3,0,20,0,36,2,4,13,2,559,0,43,2,0,8,0,1,34,0,3,170,11,1,12,1,102,98,1,41,8,0,39,5,2,3,105,193,19,85,0,3,7,18,51,0,1,0,29,20,21,15889,358,0,60,4,141,27,0,146,0,178,359,22,3,6,16,522,33,0,4,6,12,1,24,10,22,150,28,0,1,13,25,1,7,3,2,72,122,1,24,4,64,10,9,51,5,11,0,0,0,6,0,11,0,1,0,1,9,4,13,354,3,2,3983,49,2,21,1,0,21,0,0,0,22,90,15,55,67,0,88,5,6,594,13,201,44,15,1,1,0,4,8,137,4,26,3,2,1,0,1,46,121,7,0,0,5,12,2,72,0,1,2,0,1,0,0,19,67,0,13,11,9,1,34,31,5,0,21,1,1,8,116,4,30,19,2,6,1,0,270,4,1,1,2,1,12,86,30,41,0,1,60,3,35,157,0,16,4,7,1,14,50,7,11,3,2,23,21,26,17,28,163,2,0,111,2,8,5,8,0,165,78,2,2,2,0,5,1,14,11,8,38,53,76,0,38,0,47,12,8,3,80,8,7,2,0,150,30,0,102,0,3,1,0,1,35,14,3,3,0,20,22,11,1,51,1,137,53,0,12,0,80,0,7,1,2,0,80,111,5,30,1,21,50,0,36,25,9,0,26,128,6,0,5,26,9,34,1,83,1,15,1,108,0,13,12,0,42,103,85,9,0,17,112,1,7,2,0,1,7,56,1,103,0,0,3,16,160,1,1,15,0,75,10,2,0,60,154,27,5,1,10,0,9,0,10,67,8,8,19,6,2,2,3,4,14,2,45,110,10,5,3,82,174,0,19,15,21,2,10,43,13,169,14,86,15,10,6,5,19,1,0,0,0,136,7,103,0,1,5,21,151,116,0,13,21,0,6,1,94,11,1345,6,55,0,12,51,1,63,0,37,72,10,2,4,7,4,37,4,3,47,10,119,15,14,1,6,3,0,case
